roboto;Roboto;100;latin
roboto;Roboto;100;vietnamese
roboto;Roboto;100;cyrillic-ext_cyrillic
roboto;Roboto;100;latin-ext
roboto;Roboto;100;greek_greek-ext
roboto;Roboto;300;latin
roboto;Roboto;300;vietnamese
roboto;Roboto;300;cyrillic-ext_cyrillic
roboto;Roboto;300;latin-ext
roboto;Roboto;300;greek_greek-ext
alegreya-sans;Alegreya Sans;500;latin
alegreya-sans-sc;Alegreya Sans SC;500;latin
barlow;Barlow;500;latin
barlow-condensed;Barlow Condensed;500;latin
barlow-condensed;Barlow Condensed;500;latin
barlow-semi-condensed;Barlow Semi Condensed;500;latin
exo;Exo;500;latin
exo-2;Exo 2;500;latin
fira-sans;Fira Sans;500;latin
fira-sans-condensed;Fira Sans Condensed;500;latin
fira-sans-extra-condensed;Fira Sans Extra Condensed;500;latin
ibm-plex-mono;IBM Plex Mono;500;latin
ibm-plex-sans;IBM Plex Sans;500;latin
ibm-plex-sans-condensed;IBM Plex Sans Condensed;500;latin
ibm-plex-serif;IBM Plex Serif;500;latin
k2d;K2D;500;latin
kanit;Kanit;500;latin
kanit;Kanit;500;thai
kanit;Kanit;500;thai_latin
kanit;Kanit;500;thai_latin-ext_latin_vietnamese
libre-franklin;Libre Franklin;500;latin
montserrat;Montserrat;500;latin
montserrat-alternates;Montserrat Alternates;500;latin
poppins;Poppins;500;latin
prompt;Prompt;500;latin
raleway;Raleway;500;latin
roboto;Roboto;500;latin
roboto;Roboto;500;vietnamese
roboto;Roboto;500;cyrillic-ext_cyrillic
roboto;Roboto;500;latin-ext
roboto;Roboto;500;greek_greek-ext
spectral;Spectral;500;latin
spectral-sc;Spectral SC;500;latin
trirong;Trirong;500;latin
assistant;Assistant;600;latin
bai-jamjuree;Bai Jamjuree;600;latin
barlow;Barlow;600;latin
barlow-condensed;Barlow Condensed;600;latin
barlow-condensed;Barlow Condensed;600;latin
barlow-semi-condensed;Barlow Semi Condensed;600;latin
cairo;Cairo;600;latin
exo;Exo;600;latin
exo-2;Exo 2;600;latin
fahkwang;Fahkwang;600;latin
fira-sans;Fira Sans;600;latin
fira-sans-condensed;Fira Sans Condensed;600;latin
fira-sans-extra-condensed;Fira Sans Extra Condensed;600;latin
ibm-plex-mono;IBM Plex Mono;600;latin
ibm-plex-sans;IBM Plex Sans;600;latin
ibm-plex-sans-condensed;IBM Plex Sans Condensed;600;latin
ibm-plex-serif;IBM Plex Serif;600;latin
k2d;K2D;600;latin
kanit;Kanit;600;latin
kanit;Kanit;600;thai
kanit;Kanit;600;thai_latin
kanit;Kanit;600;thai_latin-ext_latin_vietnamese
kodchasan;Kodchasan;600;latin
koho;KoHo;600;latin
krub;Krub;600;latin
libre-franklin;Libre Franklin;600;latin
mali;Mali;600;latin
montserrat;Montserrat;600;latin
montserrat-alternates;Montserrat Alternates;600;latin
niramit;Niramit;600;latin
overpass;Overpass;600;latin
poppins;Poppins;600;latin
prompt;Prompt;600;latin
raleway;Raleway;600;latin
spectral;Spectral;600;latin
spectral-sc;Spectral SC;600;latin
trirong;Trirong;600;latin
alegreya-sans;Alegreya Sans;700;latin
alegreya-sans-sc;Alegreya Sans SC;700;latin
bai-jamjuree;Bai Jamjuree;700;latin
barlow;Barlow;700;latin
barlow-condensed;Barlow Condensed;700;latin
barlow-condensed;Barlow Condensed;700;latin
barlow-semi-condensed;Barlow Semi Condensed;700;latin
chakra-petch;Chakra Petch;700;latin
cormorant;Cormorant;700;latin
cormorant-garamond;Cormorant Garamond;700;latin
cormorant-infant;Cormorant Infant;700;latin
exo;Exo;700;latin
exo-2;Exo 2;700;latin
fahkwang;Fahkwang;700;latin
fira-sans;Fira Sans;700;latin
fira-sans-condensed;Fira Sans Condensed;700;latin
fira-sans-extra-condensed;Fira Sans Extra Condensed;700;latin
ibm-plex-mono;IBM Plex Mono;700;latin
ibm-plex-sans;IBM Plex Sans;700;latin
ibm-plex-sans-condensed;IBM Plex Sans Condensed;700;latin
ibm-plex-serif;IBM Plex Serif;700;latin
josefin-sans;Josefin Sans;700;latin
josefin-slab;Josefin Slab;700;latin
k2d;K2D;700;latin
kanit;Kanit;700;latin
kanit;Kanit;700;thai
kanit;Kanit;700;thai_latin
kanit;Kanit;700;thai_latin-ext_latin_vietnamese
kodchasan;Kodchasan;700;latin
koho;KoHo;700;latin
krub;Krub;700;latin
libre-franklin;Libre Franklin;700;latin
mali;Mali;700;latin
montserrat;Montserrat;700;latin
montserrat-alternates;Montserrat Alternates;700;latin
muli;Muli;700;latin
niramit;Niramit;700;latin
nunito;Nunito;700;latin
nunito-sans;Nunito Sans;700;latin
overpass;Overpass;700;latin
poppins;Poppins;700;latin
prompt;Prompt;700;latin
raleway;Raleway;700;latin
roboto;Roboto;700;latin
roboto;Roboto;700;vietnamese
roboto;Roboto;700;cyrillic-ext_cyrillic
roboto;Roboto;700;latin-ext
roboto;Roboto;700;greek_greek-ext
roboto-mono;Roboto Mono;700;latin
source-sans-pro;Source Sans Pro;700;latin
spectral;Spectral;700;latin
spectral-sc;Spectral SC;700;latin
titillium-web;Titillium Web;700;latin
trirong;Trirong;700;latin
zilla-slab;Zilla Slab;700;latin
alegreya-sans;Alegreya Sans;800;latin
alegreya-sans-sc;Alegreya Sans SC;800;latin
assistant;Assistant;800;latin
barlow;Barlow;800;latin
barlow-condensed;Barlow Condensed;800;latin
barlow-condensed;Barlow Condensed;800;latin
barlow-semi-condensed;Barlow Semi Condensed;800;latin
eb-garamond;EB Garamond;800;latin
exo;Exo;800;latin
exo-2;Exo 2;800;latin
fira-sans;Fira Sans;800;latin
fira-sans-condensed;Fira Sans Condensed;800;latin
fira-sans-extra-condensed;Fira Sans Extra Condensed;800;latin
k2d;K2D;800;latin
kanit;Kanit;800;latin
kanit;Kanit;800;thai
kanit;Kanit;800;thai_latin
kanit;Kanit;800;thai_latin-ext_latin_vietnamese
libre-franklin;Libre Franklin;800;latin
montserrat;Montserrat;800;latin
montserrat-alternates;Montserrat Alternates;800;latin
muli;Muli;800;latin
nunito;Nunito;800;latin
nunito-sans;Nunito Sans;800;latin
open-sans;Open Sans;800;latin
open-sans;Open Sans;800;greek-ext
open-sans;Open Sans;800;cyrillic-ext
open-sans;Open Sans;800;latin-ext
open-sans;Open Sans;800;vietamese
overpass;Overpass;800;latin
poppins;Poppins;800;latin
prompt;Prompt;800;latin
proza-libre;Proza Libre;800;latin
raleway;Raleway;800;latin
spectral;Spectral;800;latin
spectral-sc;Spectral SC;800;latin
trirong;Trirong;800;latin
alegreya;Alegreya;900;latin
alegreya-sans;Alegreya Sans;900;latin
alegreya-sans-sc;Alegreya Sans SC;900;latin
alegreya-sc;Alegreya SC;900;latin
barlow;Barlow;900;latin
barlow-condensed;Barlow Condensed;900;latin
barlow-condensed;Barlow Condensed;900;latin
barlow-semi-condensed;Barlow Semi Condensed;900;latin
catamaran;Catamaran;900;latin
encode-sans;Encode Sans;900;latin
encode-sans-condensed;Encode Sans Condensed;900;latin
encode-sans-expanded;Encode Sans Expanded;900;latin
encode-sans-semi-condensed;Encode Sans Semi Condensed;900;latin
encode-sans-semi-expanded;Encode Sans Semi Expanded;900;latin
exo;Exo;900;latin
exo-2;Exo 2;900;latin
fira-sans;Fira Sans;900;latin
fira-sans-condensed;Fira Sans Condensed;900;latin
fira-sans-extra-condensed;Fira Sans Extra Condensed;900;latin
gothic-a9;Gothic A9;900;latin
kanit;Kanit;900;latin
kanit;Kanit;900;thai
kanit;Kanit;900;thai_latin
kanit;Kanit;900;thai_latin-ext_latin_vietnamese
lato;Lato;900;latin
libre-franklin;Libre Franklin;900;latin
montserrat;Montserrat;900;latin
montserrat-alternates;Montserrat Alternates;900;latin
muli;Muli;900;latin
nunito;Nunito;900;latin
nunito-sans;Nunito Sans;900;latin
overpass;Overpass;900;latin
poppins;Poppins;900;latin
prompt;Prompt;900;latin
raleway;Raleway;900;latin
roboto;Roboto;900;latin
roboto;Roboto;900;vietnamese
roboto;Roboto;900;cyrillic-ext_cyrillic
roboto;Roboto;900;latin-ext
roboto;Roboto;900;greek_greek-ext
rokkitt;Rokkitt;900;latin
rubik;Rubik;900;latin
saira;Saira;900;latin
saira-condensed;Saira Condensed;900;latin
saira-extra-condensed;Saira Extra Condensed;900;latin
saira-semi-condensed;Saira Semi Condensed;900;latin
source-sans-pro;Source Sans Pro;900;latin
titillium-web;Titillium Web;900;latin
trirong;Trirong;900;latin
work-sans;Work Sans;900;latin
advent-pro;Advent Pro;100;latin
alegreya-sans;Alegreya Sans;100;latin
alegreya-sans-sc;Alegreya Sans SC;100;latin
arima-madurai;Arima Madurai;100;latin
barlow;Barlow;100;latin
barlow-condensed;Barlow Condensed;100;latin
barlow-condensed;Barlow Condensed;100;latin
barlow-semi-condensed;Barlow Semi Condensed;100;latin
catamaran;Catamaran;100;latin
chathura;Chathura;100;latin
encode-sans;Encode Sans;100;latin
encode-sans-condensed;Encode Sans Condensed;100;latin
encode-sans-expanded;Encode Sans Expanded;100;latin
encode-sans-semi-condensed;Encode Sans Semi Condensed;100;latin
encode-sans-semi-expanded;Encode Sans Semi Expanded;100;latin
exo;Exo;100;latin
exo-2;Exo 2;100;latin
fira-sans;Fira Sans;100;latin
fira-sans-condensed;Fira Sans Condensed;100;latin
fira-sans-extra-condensed;Fira Sans Extra Condensed;100;latin
gothic-a1;Gothic A1;100;latin
heebo;Heebo;100;latin
ibm-plex-mono;IBM Plex Mono;100;latin
ibm-plex-sans;IBM Plex Sans;100;latin
ibm-plex-sans-condensed;IBM Plex Sans Condensed;100;latin
ibm-plex-serif;IBM Plex Serif;100;latin
josefin-sans;Josefin Sans;100;latin
josefin-slab;Josefin Slab;100;latin
k2d;K2D;100;latin
kanit;Kanit;100;latin
kanit;Kanit;100;thai
kanit;Kanit;100;thai_latin
kanit;Kanit;100;thai_latin-ext_latin_vietnamese
lato;Lato;100;latin
libre-franklin;Libre Franklin;100;latin
londrina-solid;Londrina Solid;100;latin
m-plus-1p;M PLUS 1p;100;latin
m-plus-1p;M PLUS 1p;100;latin
m-plus-rounded-1c;M PLUS Rounded 1c;100;latin
montserrat;Montserrat;100;latin
montserrat-alternates;Montserrat Alternates;100;latin
noto-sans-jp;Noto Sans JP;100;japanese_latin
noto-sans-kr;Noto Sans KR;100;latin_korean
overpass;Overpass;100;latin
palanquin;Palanquin;100;latin
poppins;Poppins;100;latin
prompt;Prompt;100;latin
raleway;Raleway;100;latin
roboto-mono;Roboto Mono;100;latin
roboto-slab;Roboto Slab;100;latin
rokkitt;Rokkitt;100;latin
saira;Saira;100;latin
saira-condensed;Saira Condensed;100;latin
saira-extra-condensed;Saira Extra Condensed;100;latin
saira-semi-condensed;Saira Semi Condensed;100;latin
trirong;Trirong;100;latin
work-sans;Work Sans;100;latin
yantramanav;Yantramanav;100;latin
alegreya-sans;Alegreya Sans;100italic;latin
alegreya-sans-sc;Alegreya Sans SC;100italic;latin
barlow;Barlow;100italic;latin
barlow-condensed;Barlow Condensed;100italic;latin
barlow-condensed;Barlow Condensed;100italic;latin
barlow-semi-condensed;Barlow Semi Condensed;100italic;latin
exo;Exo;100italic;latin
exo-2;Exo 2;100italic;latin
fira-sans;Fira Sans;100italic;latin
fira-sans-condensed;Fira Sans Condensed;100italic;latin
fira-sans-extra-condensed;Fira Sans Extra Condensed;100italic;latin
ibm-plex-mono;IBM Plex Mono;100italic;latin
ibm-plex-sans;IBM Plex Sans;100italic;latin
ibm-plex-sans-condensed;IBM Plex Sans Condensed;100italic;latin
ibm-plex-serif;IBM Plex Serif;100italic;latin
josefin-sans;Josefin Sans;100italic;latin
josefin-slab;Josefin Slab;100italic;latin
k2d;K2D;100italic;latin
kanit;Kanit;100italic;latin
kanit;Kanit;100italic;thai
kanit;Kanit;100italic;thai_latin
kanit;Kanit;100italic;thai_latin-ext_latin_vietnamese
lato;Lato;100italic;latin
libre-franklin;Libre Franklin;100italic;latin
montserrat;Montserrat;100italic;latin
montserrat-alternates;Montserrat Alternates;100italic;latin
overpass;Overpass;100italic;latin
poppins;Poppins;100italic;latin
prompt;Prompt;100italic;latin
raleway;Raleway;100italic;latin
roboto;Roboto;100italic;latin
roboto;Roboto;100italic;vietnamese
roboto;Roboto;100italic;cyrillic-ext_cyrillic
roboto;Roboto;100italic;latin-ext
roboto;Roboto;100italic;greek_greek-ext
roboto-mono;Roboto Mono;100italic;latin
trirong;Trirong;100italic;latin
advent-pro;Advent Pro;200;latin
arima-madurai;Arima Madurai;200;latin
assistant;Assistant;200;latin
athiti;Athiti;200;latin
bai-jamjuree;Bai Jamjuree;200;latin
barlow;Barlow;200;latin
barlow-condensed;Barlow Condensed;200;latin
barlow-condensed;Barlow Condensed;200;latin
barlow-semi-condensed;Barlow Semi Condensed;200;latin
biorhyme;BioRhyme;200;latin
biorhyme-expanded;BioRhyme Expanded;200;latin
biryani;Biryani;200;latin
cairo;Cairo;200;latin
catamaran;Catamaran;200;latin
changa;Changa;200;latin
dosis;Dosis;200;latin
encode-sans;Encode Sans;200;latin
encode-sans-condensed;Encode Sans Condensed;200;latin
encode-sans-expanded;Encode Sans Expanded;200;latin
encode-sans-semi-condensed;Encode Sans Semi Condensed;200;latin
encode-sans-semi-expanded;Encode Sans Semi Expanded;200;latin
exo;Exo;200;latin
exo-2;Exo 2;200;latin
fahkwang;Fahkwang;200;latin
fira-sans;Fira Sans;200;latin
fira-sans-condensed;Fira Sans Condensed;200;latin
fira-sans-extra-condensed;Fira Sans Extra Condensed;200;latin
gothic-a2;Gothic A2;200;latin
ibm-plex-mono;IBM Plex Mono;200;latin
ibm-plex-sans;IBM Plex Sans;200;latin
ibm-plex-sans-condensed;IBM Plex Sans Condensed;200;latin
ibm-plex-serif;IBM Plex Serif;200;latin
k2d;K2D;200;latin
kanit;Kanit;200;latin
kanit;Kanit;200;thai
kanit;Kanit;200;thai_latin
kanit;Kanit;200;thai_latin-ext_latin_vietnamese
kodchasan;Kodchasan;200;latin
koho;KoHo;200;latin
krub;Krub;200;latin
libre-franklin;Libre Franklin;200;latin
mada;Mada;200;latin
maitree;Maitree;200;latin
mali;Mali;200;latin
martel-sans;Martel Sans;200;latin
mitr;Mitr;200;latin
montserrat;Montserrat;200;latin
montserrat-alternates;Montserrat Alternates;200;latin
mukta;Mukta;200;latin-ext_latin_devanagari
mukta-mahee;Mukta Mahee;200;gurmukhi_latin-ext_latin
mukta-malar;Mukta Malar;200;latin-ext_tamil_latin
mukta-vaani;Mukta Vaani;200;latin-ext_latin_gujarati
mukta;Mukta;200;latin
mukta-mahee;Mukta Mahee;200;latin
mukta-malar;Mukta Malar;200;latin
mukta-vaani;Mukta Vaani;200;latin
muli;Muli;200;latin
neuton;Neuton;200;latin
niramit;Niramit;200;latin
noto-serif-jp;Noto Serif JP;200;japanese_latin
noto-serif-kr;Noto Serif KR;200;latin_korean
nunito;Nunito;200;latin
nunito-sans;Nunito Sans;200;latin
oswald;Oswald;200;latin
overpass;Overpass;200;latin
palanquin;Palanquin;200;latin
poppins;Poppins;200;latin
pridi;Pridi;200;latin
prompt;Prompt;200;latin
raleway;Raleway;200;latin
rokkitt;Rokkitt;200;latin
saira;Saira;200;latin
saira-condensed;Saira Condensed;200;latin
saira-extra-condensed;Saira Extra Condensed;200;latin
saira-semi-condensed;Saira Semi Condensed;200;latin
source-code-pro;Source Code Pro;200;latin
source-sans-pro;Source Sans Pro;200;latin
spectral;Spectral;200;latin
spectral-sc;Spectral SC;200;latin
tajawal;Tajawal;200;arabic_latin
tajawal;Tajawal;200;latin
titillium-web;Titillium Web;200;latin
trirong;Trirong;200;latin
work-sans;Work Sans;200;latin
yanone-kaffeesatz;Yanone Kaffeesatz;200;latin
bai-jamjuree;Bai Jamjuree;200italic;latin
barlow;Barlow;200italic;latin
barlow-condensed;Barlow Condensed;200italic;latin
barlow-condensed;Barlow Condensed;200italic;latin
barlow-semi-condensed;Barlow Semi Condensed;200italic;latin
exo;Exo;200italic;latin
exo-2;Exo 2;200italic;latin
fahkwang;Fahkwang;200italic;latin
fira-sans;Fira Sans;200italic;latin
fira-sans-condensed;Fira Sans Condensed;200italic;latin
fira-sans-extra-condensed;Fira Sans Extra Condensed;200italic;latin
ibm-plex-mono;IBM Plex Mono;200italic;latin
ibm-plex-sans;IBM Plex Sans;200italic;latin
ibm-plex-sans-condensed;IBM Plex Sans Condensed;200italic;latin
ibm-plex-serif;IBM Plex Serif;200italic;latin
k2d;K2D;200italic;latin
kanit;Kanit;200italic;latin
kanit;Kanit;200italic;thai
kanit;Kanit;200italic;thai_latin
kanit;Kanit;200italic;thai_latin-ext_latin_vietnamese
kodchasan;Kodchasan;200italic;latin
koho;KoHo;200italic;latin
krub;Krub;200italic;latin
libre-franklin;Libre Franklin;200italic;latin
mali;Mali;200italic;latin
montserrat;Montserrat;200italic;latin
montserrat-alternates;Montserrat Alternates;200italic;latin
muli;Muli;200italic;latin
niramit;Niramit;200italic;latin
nunito;Nunito;200italic;latin
nunito-sans;Nunito Sans;200italic;latin
overpass;Overpass;200italic;latin
poppins;Poppins;200italic;latin
prompt;Prompt;200italic;latin
raleway;Raleway;200italic;latin
source-sans-pro;Source Sans Pro;200italic;latin
spectral;Spectral;200italic;latin
spectral-sc;Spectral SC;200italic;latin
titillium-web;Titillium Web;200italic;latin
trirong;Trirong;200italic;latin
advent-pro;Advent Pro;300;latin
alegreya-sans;Alegreya Sans;300;latin
alegreya-sans-sc;Alegreya Sans SC;300;latin
arima-madurai;Arima Madurai;300;latin
assistant;Assistant;300;latin
athiti;Athiti;300;latin
atma;Atma;300;latin-ext_latin_bengali
atma;Atma;300;latin
averia-libre;Averia Libre;300;latin
averia-sans-libre;Averia Sans Libre;300;latin
averia-serif-libre;Averia Serif Libre;300;latin
bai-jamjuree;Bai Jamjuree;300;latin
barlow;Barlow;300;latin
barlow-condensed;Barlow Condensed;300;latin
barlow-condensed;Barlow Condensed;300;latin
barlow-semi-condensed;Barlow Semi Condensed;300;latin
benchnine;BenchNine;300;latin
biorhyme;BioRhyme;300;latin
biorhyme-expanded;BioRhyme Expanded;300;latin
biryani;Biryani;300;latin
buda;Buda;300;latin
cairo;Cairo;300;latin
catamaran;Catamaran;300;latin
chakra-petch;Chakra Petch;300;latin
changa;Changa;300;latin
chathura;Chathura;300;latin
chivo;Chivo;300;latin
codystar;Codystar;300;latin
comfortaa;Comfortaa;300;latin
cormorant;Cormorant;300;latin
cormorant-garamond;Cormorant Garamond;300;latin
cormorant-infant;Cormorant Infant;300;latin
cormorant-sc;Cormorant SC;300;latin
cormorant-unicase;Cormorant Unicase;300;latin
cormorant-upright;Cormorant Upright;300;latin
dosis;Dosis;300;latin
encode-sans;Encode Sans;300;latin
encode-sans-condensed;Encode Sans Condensed;300;latin
encode-sans-expanded;Encode Sans Expanded;300;latin
encode-sans-semi-condensed;Encode Sans Semi Condensed;300;latin
encode-sans-semi-expanded;Encode Sans Semi Expanded;300;latin
exo;Exo;300;latin
exo-2;Exo 2;300;latin
fahkwang;Fahkwang;300;latin
fira-sans;Fira Sans;300;latin
fira-sans-condensed;Fira Sans Condensed;300;latin
fira-sans-extra-condensed;Fira Sans Extra Condensed;300;latin
flamenco;Flamenco;300;latin
frank-ruhl-libre;Frank Ruhl Libre;300;latin
gaegu;Gaegu;300;latin
gothic-a3;Gothic A3;300;latin
halant;Halant;300;latin-ext_latin_devanagari
halant;Halant;300;latin
heebo;Heebo;300;latin
hind;Hind;300;latin-ext_latin_devanagari
hind-guntur;Hind Guntur;300;latin-ext_telugu_latin
hind-madurai;Hind Madurai;300;latin-ext_tamil_latin
hind-siliguri;Hind Siliguri;300;latin_bengali
hind-vadodara;Hind Vadodara;300;latin-ext_latin_gujarati
hind;Hind;300;latin
hind-guntur;Hind Guntur;300;latin
hind-madurai;Hind Madurai;300;latin
hind-siliguri;Hind Siliguri;300;latin
hind-vadodara;Hind Vadodara;300;latin
ibm-plex-mono;IBM Plex Mono;300;latin
ibm-plex-sans;IBM Plex Sans;300;latin
ibm-plex-sans-condensed;IBM Plex Sans Condensed;300;latin
ibm-plex-serif;IBM Plex Serif;300;latin
inknut-antiqua;Inknut Antiqua;300;latin
josefin-sans;Josefin Sans;300;latin
josefin-slab;Josefin Slab;300;latin
jura;Jura;300;latin
k2d;K2D;300;latin
kalam;Kalam;300;latin
kanit;Kanit;300;latin
kanit;Kanit;300;thai
kanit;Kanit;300;thai_latin
kanit;Kanit;300;thai_latin-ext_latin_vietnamese
kantumruy;Kantumruy;300;khmer
karma;Karma;300;latin
khand;Khand;300;latin
khula;Khula;300;latin
kodchasan;Kodchasan;300;latin
koho;KoHo;300;latin
kreon;Kreon;300;latin
krub;Krub;300;latin
laila;Laila;300;latin
lato;Lato;300;latin
lemonada;Lemonada;300;latin
libre-franklin;Libre Franklin;300;latin
londrina-solid;Londrina Solid;300;latin
m-plus-1p;M PLUS 1p;300;latin
m-plus-rounded-1c;M PLUS Rounded 1c;300;latin
mada;Mada;300;latin
maitree;Maitree;300;latin
mali;Mali;300;latin
martel;Martel;300;latin
martel-sans;Martel Sans;300;latin
merriweather;Merriweather;300;latin
merriweather-sans;Merriweather Sans;300;latin
mitr;Mitr;300;latin
montserrat;Montserrat;300;latin
montserrat-alternates;Montserrat Alternates;300;latin
mukta;Mukta;300;latin-ext_latin_devanagari
mukta-mahee;Mukta Mahee;300;gurmukhi_latin-ext_latin
mukta-malar;Mukta Malar;300;latin-ext_tamil_latin
mukta-vaani;Mukta Vaani;300;latin-ext_latin_gujarati
mukta;Mukta;300;latin
mukta-mahee;Mukta Mahee;300;latin
mukta-malar;Mukta Malar;300;latin
mukta-vaani;Mukta Vaani;300;latin
muli;Muli;300;latin
neuton;Neuton;300;latin
niramit;Niramit;300;latin
noto-sans-jp;Noto Sans JP;300;japanese_latin
noto-sans-kr;Noto Sans KR;300;latin_korean
noto-serif-jp;Noto Serif JP;300;japanese_latin
noto-serif-kr;Noto Serif KR;300;latin_korean
nunito;Nunito;300;latin
nunito-sans;Nunito Sans;300;latin
open-sans;Open Sans;300;latin
open-sans;Open Sans;300;greek-ext
open-sans;Open Sans;300;cyrillic-ext
open-sans;Open Sans;300;latin-ext
open-sans;Open Sans;300;vietamese
open-sans-condensed;Open Sans Condensed;300;latin
oswald;Oswald;300;latin
overpass;Overpass;300;latin
overpass-mono;Overpass Mono;300;latin
oxygen;Oxygen;300;latin
palanquin;Palanquin;300;latin
poppins;Poppins;300;latin
pridi;Pridi;300;latin
prompt;Prompt;300;latin
quicksand;Quicksand;300;latin
rajdhani;Rajdhani;300;latin
raleway;Raleway;300;latin
rasa;Rasa;300;latin
roboto-condensed;Roboto Condensed;300;latin
roboto-mono;Roboto Mono;300;latin
roboto-slab;Roboto Slab;300;latin
rokkitt;Rokkitt;300;latin
rubik;Rubik;300;latin
saira;Saira;300;latin
saira-condensed;Saira Condensed;300;latin
saira-extra-condensed;Saira Extra Condensed;300;latin
saira-semi-condensed;Saira Semi Condensed;300;latin
signika;Signika;300;latin
signika-negative;Signika Negative;300;latin
source-code-pro;Source Code Pro;300;latin
source-sans-pro;Source Sans Pro;300;latin
spectral;Spectral;300;latin
spectral-sc;Spectral SC;300;latin
stoke;Stoke;300;latin
sunflower;Sunflower;300;latin
tajawal;Tajawal;300;arabic_latin
tajawal;Tajawal;300;latin
teko;Teko;300;latin
titillium-web;Titillium Web;300;latin
trirong;Trirong;300;latin
ubuntu;Ubuntu;300;latin
work-sans;Work Sans;300;latin
yanone-kaffeesatz;Yanone Kaffeesatz;300;latin
yantramanav;Yantramanav;300;latin
yrsa;Yrsa;300;latin
zilla-slab;Zilla Slab;300;latin
alegreya-sans;Alegreya Sans;300italic;latin
alegreya-sans-sc;Alegreya Sans SC;300italic;latin
averia-libre;Averia Libre;300italic;latin
averia-sans-libre;Averia Sans Libre;300italic;latin
averia-serif-libre;Averia Serif Libre;300italic;latin
bai-jamjuree;Bai Jamjuree;300italic;latin
barlow;Barlow;300italic;latin
barlow-condensed;Barlow Condensed;300italic;latin
barlow-condensed;Barlow Condensed;300italic;latin
barlow-semi-condensed;Barlow Semi Condensed;300italic;latin
chakra-petch;Chakra Petch;300italic;latin
chivo;Chivo;300italic;latin
cormorant;Cormorant;300italic;latin
cormorant-garamond;Cormorant Garamond;300italic;latin
cormorant-infant;Cormorant Infant;300italic;latin
exo;Exo;300italic;latin
exo-2;Exo 2;300italic;latin
fahkwang;Fahkwang;300italic;latin
fira-sans;Fira Sans;300italic;latin
fira-sans-condensed;Fira Sans Condensed;300italic;latin
fira-sans-extra-condensed;Fira Sans Extra Condensed;300italic;latin
ibm-plex-mono;IBM Plex Mono;300italic;latin
ibm-plex-sans;IBM Plex Sans;300italic;latin
ibm-plex-sans-condensed;IBM Plex Sans Condensed;300italic;latin
ibm-plex-serif;IBM Plex Serif;300italic;latin
josefin-sans;Josefin Sans;300italic;latin
josefin-slab;Josefin Slab;300italic;latin
k2d;K2D;300italic;latin
kanit;Kanit;300italic;latin
kanit;Kanit;300italic;thai
kanit;Kanit;300italic;thai_latin
kanit;Kanit;300italic;thai_latin-ext_latin_vietnamese
kodchasan;Kodchasan;300italic;latin
koho;KoHo;300italic;latin
krub;Krub;300italic;latin
lato;Lato;300italic;latin
libre-franklin;Libre Franklin;300italic;latin
mali;Mali;300italic;latin
merriweather;Merriweather;300italic;latin
merriweather-sans;Merriweather Sans;300italic;latin
montserrat;Montserrat;300italic;latin
montserrat-alternates;Montserrat Alternates;300italic;latin
muli;Muli;300italic;latin
niramit;Niramit;300italic;latin
nunito;Nunito;300italic;latin
nunito-sans;Nunito Sans;300italic;latin
open-sans;Open Sans;300italic;latin
open-sans;Open Sans;300italic;greek-ext
open-sans;Open Sans;300italic;cyrillic-ext
open-sans;Open Sans;300italic;latin-ext
open-sans;Open Sans;300italic;vietamese
open-sans-condensed;Open Sans Condensed;300italic;latin
overpass;Overpass;300italic;latin
poppins;Poppins;300italic;latin
prompt;Prompt;300italic;latin
raleway;Raleway;300italic;latin
roboto;Roboto;300italic;latin
roboto;Roboto;300italic;vietnamese
roboto;Roboto;300italic;cyrillic-ext_cyrillic
roboto;Roboto;300italic;latin-ext
roboto;Roboto;300italic;greek_greek-ext
roboto-condensed;Roboto Condensed;300italic;latin
roboto-mono;Roboto Mono;300italic;latin
rubik;Rubik;300italic;latin
source-sans-pro;Source Sans Pro;300italic;latin
spectral;Spectral;300italic;latin
spectral-sc;Spectral SC;300italic;latin
titillium-web;Titillium Web;300italic;latin
trirong;Trirong;300italic;latin
ubuntu;Ubuntu;300italic;latin
zilla-slab;Zilla Slab;300italic;latin
abhaya-libre;Abhaya Libre;500;latin-ext_sinhala_latin
abhaya-libre;Abhaya Libre;500;latin
advent-pro;Advent Pro;500;latin
alegreya;Alegreya;500;latin
alegreya-sc;Alegreya SC;500;latin
archivo;Archivo;500;latin
archivo-narrow;Archivo Narrow;500;latin
arima-madurai;Arima Madurai;500;latin
asap;Asap;500;latin
asap-condensed;Asap Condensed;500;latin
athiti;Athiti;500;latin
atma;Atma;500;latin-ext_latin_bengali
atma;Atma;500;latin
bai-jamjuree;Bai Jamjuree;500;latin
cabin;Cabin;500;latin
cabin-condensed;Cabin Condensed;500;latin
catamaran;Catamaran;500;latin
chakra-petch;Chakra Petch;500;latin
changa;Changa;500;latin
cormorant;Cormorant;500;latin
cormorant-garamond;Cormorant Garamond;500;latin
cormorant-infant;Cormorant Infant;500;latin
cormorant-sc;Cormorant SC;500;latin
cormorant-unicase;Cormorant Unicase;500;latin
cormorant-upright;Cormorant Upright;500;latin
david-libre;David Libre;500;latin
dosis;Dosis;500;latin
eb-garamond;EB Garamond;500;latin
eczar;Eczar;500;latin
el-messiri;El Messiri;500;latin
encode-sans;Encode Sans;500;latin
encode-sans-condensed;Encode Sans Condensed;500;latin
encode-sans-expanded;Encode Sans Expanded;500;latin
encode-sans-semi-condensed;Encode Sans Semi Condensed;500;latin
encode-sans-semi-expanded;Encode Sans Semi Expanded;500;latin
expletus-sans;Expletus Sans;500;latin
fahkwang;Fahkwang;500;latin
faustina;Faustina;500;latin
fira-mono;Fira Mono;500;latin
frank-ruhl-libre;Frank Ruhl Libre;500;latin
gothic-a5;Gothic A5;500;latin
halant;Halant;500;latin-ext_latin_devanagari
halant;Halant;500;latin
heebo;Heebo;500;latin
hind;Hind;500;latin-ext_latin_devanagari
hind-guntur;Hind Guntur;500;latin-ext_telugu_latin
hind-madurai;Hind Madurai;500;latin-ext_tamil_latin
hind-siliguri;Hind Siliguri;500;latin_bengali
hind-vadodara;Hind Vadodara;500;latin-ext_latin_gujarati
hind;Hind;500;latin
hind-guntur;Hind Guntur;500;latin
hind-madurai;Hind Madurai;500;latin
hind-siliguri;Hind Siliguri;500;latin
hind-vadodara;Hind Vadodara;500;latin
inknut-antiqua;Inknut Antiqua;500;latin
jura;Jura;500;latin
karma;Karma;500;latin
khand;Khand;500;latin
kodchasan;Kodchasan;500;latin
koho;KoHo;500;latin
krub;Krub;500;latin
laila;Laila;500;latin
m-plus-1p;M PLUS 1p;500;latin
mada;Mada;500;latin
maitree;Maitree;500;latin
mali;Mali;500;latin
manuale;Manuale;500;latin
markazi-text;Markazi Text;500;latin
maven-pro;Maven Pro;500;latin
mirza;Mirza;500;latin
mitr;Mitr;500;latin
mukta;Mukta;500;latin-ext_latin_devanagari
mukta-mahee;Mukta Mahee;500;gurmukhi_latin-ext_latin
mukta-malar;Mukta Malar;500;latin-ext_tamil_latin
mukta-vaani;Mukta Vaani;500;latin-ext_latin_gujarati
mukta;Mukta;500;latin
mukta-mahee;Mukta Mahee;500;latin
mukta-malar;Mukta Malar;500;latin
mukta-vaani;Mukta Vaani;500;latin
niramit;Niramit;500;latin
nobile;Nobile;500;latin
noto-sans-jp;Noto Sans JP;500;japanese_latin
noto-sans-kr;Noto Sans KR;500;latin_korean
noto-serif-jp;Noto Serif JP;500;japanese_latin
noto-serif-kr;Noto Serif KR;500;latin_korean
orbitron;Orbitron;500;latin
oswald;Oswald;500;latin
palanquin;Palanquin;500;latin
palanquin-dark;Palanquin Dark;500;latin
podkova;Podkova;500;latin
pridi;Pridi;500;latin
proza-libre;Proza Libre;500;latin
quicksand;Quicksand;500;latin
rajdhani;Rajdhani;500;latin
rasa;Rasa;500;latin
roboto-mono;Roboto Mono;500;latin
rokkitt;Rokkitt;500;latin
rubik;Rubik;500;latin
saira;Saira;500;latin
saira-condensed;Saira Condensed;500;latin
saira-extra-condensed;Saira Extra Condensed;500;latin
saira-semi-condensed;Saira Semi Condensed;500;latin
sarpanch;Sarpanch;500;latin
source-code-pro;Source Code Pro;500;latin
sunflower;Sunflower;500;latin
tajawal;Tajawal;500;arabic_latin
tajawal;Tajawal;500;latin
teko;Teko;500;latin
tillana;Tillana;500;latin
ubuntu;Ubuntu;500;latin
vesper-libre;Vesper Libre;500;latin
work-sans;Work Sans;500;latin
yantramanav;Yantramanav;500;latin
yrsa;Yrsa;500;latin
zilla-slab;Zilla Slab;500;latin
alegreya;Alegreya;500italic;latin
alegreya-sans;Alegreya Sans;500italic;latin
alegreya-sans-sc;Alegreya Sans SC;500italic;latin
alegreya-sc;Alegreya SC;500italic;latin
archivo;Archivo;500italic;latin
archivo-narrow;Archivo Narrow;500italic;latin
asap;Asap;500italic;latin
asap-condensed;Asap Condensed;500italic;latin
bai-jamjuree;Bai Jamjuree;500italic;latin
barlow;Barlow;500italic;latin
barlow-condensed;Barlow Condensed;500italic;latin
barlow-condensed;Barlow Condensed;500italic;latin
barlow-semi-condensed;Barlow Semi Condensed;500italic;latin
cabin;Cabin;500italic;latin
chakra-petch;Chakra Petch;500italic;latin
cormorant;Cormorant;500italic;latin
cormorant-garamond;Cormorant Garamond;500italic;latin
cormorant-infant;Cormorant Infant;500italic;latin
eb-garamond;EB Garamond;500italic;latin
exo;Exo;500italic;latin
exo-2;Exo 2;500italic;latin
expletus-sans;Expletus Sans;500italic;latin
fahkwang;Fahkwang;500italic;latin
faustina;Faustina;500italic;latin
fira-sans;Fira Sans;500italic;latin
fira-sans-condensed;Fira Sans Condensed;500italic;latin
fira-sans-extra-condensed;Fira Sans Extra Condensed;500italic;latin
ibm-plex-mono;IBM Plex Mono;500italic;latin
ibm-plex-sans;IBM Plex Sans;500italic;latin
ibm-plex-sans-condensed;IBM Plex Sans Condensed;500italic;latin
ibm-plex-serif;IBM Plex Serif;500italic;latin
k2d;K2D;500italic;latin
kanit;Kanit;500italic;latin
kanit;Kanit;500italic;thai
kanit;Kanit;500italic;thai_latin
kanit;Kanit;500italic;thai_latin-ext_latin_vietnamese
kodchasan;Kodchasan;500italic;latin
koho;KoHo;500italic;latin
krub;Krub;500italic;latin
libre-franklin;Libre Franklin;500italic;latin
mali;Mali;500italic;latin
manuale;Manuale;500italic;latin
montserrat;Montserrat;500italic;latin
montserrat-alternates;Montserrat Alternates;500italic;latin
niramit;Niramit;500italic;latin
nobile;Nobile;500italic;latin
poppins;Poppins;500italic;latin
prompt;Prompt;500italic;latin
proza-libre;Proza Libre;500italic;latin
raleway;Raleway;500italic;latin
roboto;Roboto;500italic;latin
roboto;Roboto;500italic;vietnamese
roboto;Roboto;500italic;cyrillic-ext_cyrillic
roboto;Roboto;500italic;latin-ext
roboto;Roboto;500italic;greek_greek-ext
roboto-mono;Roboto Mono;500italic;latin
rubik;Rubik;500italic;latin
spectral;Spectral;500italic;latin
spectral-sc;Spectral SC;500italic;latin
trirong;Trirong;500italic;latin
ubuntu;Ubuntu;500italic;latin
zilla-slab;Zilla Slab;500italic;latin
abhaya-libre;Abhaya Libre;600;latin-ext_sinhala_latin
abhaya-libre;Abhaya Libre;600;latin
advent-pro;Advent Pro;600;latin
amiko;Amiko;600;latin
archivo;Archivo;600;latin
archivo-narrow;Archivo Narrow;600;latin
asap;Asap;600;latin
asap-condensed;Asap Condensed;600;latin
athiti;Athiti;600;latin
atma;Atma;600;latin-ext_latin_bengali
atma;Atma;600;latin
biryani;Biryani;600;latin
cabin;Cabin;600;latin
cabin-condensed;Cabin Condensed;600;latin
catamaran;Catamaran;600;latin
chakra-petch;Chakra Petch;600;latin
changa;Changa;600;latin
cormorant;Cormorant;600;latin
cormorant-garamond;Cormorant Garamond;600;latin
cormorant-infant;Cormorant Infant;600;latin
cormorant-sc;Cormorant SC;600;latin
cormorant-unicase;Cormorant Unicase;600;latin
cormorant-upright;Cormorant Upright;600;latin
crimson-text;Crimson Text;600;latin
dosis;Dosis;600;latin
eb-garamond;EB Garamond;600;latin
eczar;Eczar;600;latin
el-messiri;El Messiri;600;latin
encode-sans;Encode Sans;600;latin
encode-sans-condensed;Encode Sans Condensed;600;latin
encode-sans-expanded;Encode Sans Expanded;600;latin
encode-sans-semi-condensed;Encode Sans Semi Condensed;600;latin
encode-sans-semi-expanded;Encode Sans Semi Expanded;600;latin
expletus-sans;Expletus Sans;600;latin
faustina;Faustina;600;latin
gothic-a6;Gothic A6;600;latin
halant;Halant;600;latin-ext_latin_devanagari
halant;Halant;600;latin
hind;Hind;600;latin-ext_latin_devanagari
hind-guntur;Hind Guntur;600;latin-ext_telugu_latin
hind-madurai;Hind Madurai;600;latin-ext_tamil_latin
hind-siliguri;Hind Siliguri;600;latin_bengali
hind-vadodara;Hind Vadodara;600;latin-ext_latin_gujarati
hind;Hind;600;latin
hind-guntur;Hind Guntur;600;latin
hind-madurai;Hind Madurai;600;latin
hind-siliguri;Hind Siliguri;600;latin
hind-vadodara;Hind Vadodara;600;latin
inknut-antiqua;Inknut Antiqua;600;latin
josefin-sans;Josefin Sans;600;latin
josefin-slab;Josefin Slab;600;latin
jura;Jura;600;latin
karma;Karma;600;latin
khand;Khand;600;latin
khula;Khula;600;latin
laila;Laila;600;latin
lemonada;Lemonada;600;latin
m-plus-rounded-1c;M PLUS Rounded 1c;600;latin
mada;Mada;600;latin
maitree;Maitree;600;latin
manuale;Manuale;600;latin
markazi-text;Markazi Text;600;latin
martel;Martel;600;latin
martel-sans;Martel Sans;600;latin
mirza;Mirza;600;latin
mitr;Mitr;600;latin
mukta;Mukta;600;latin-ext_latin_devanagari
mukta-mahee;Mukta Mahee;600;gurmukhi_latin-ext_latin
mukta-malar;Mukta Malar;600;latin-ext_tamil_latin
mukta-vaani;Mukta Vaani;600;latin-ext_latin_gujarati
mukta;Mukta;600;latin
mukta-mahee;Mukta Mahee;600;latin
mukta-malar;Mukta Malar;600;latin
mukta-vaani;Mukta Vaani;600;latin
muli;Muli;600;latin
noto-serif-jp;Noto Serif JP;600;japanese_latin
noto-serif-kr;Noto Serif KR;600;latin_korean
nunito;Nunito;600;latin
nunito-sans;Nunito Sans;600;latin
open-sans;Open Sans;600;latin
open-sans;Open Sans;600;greek-ext
open-sans;Open Sans;600;cyrillic-ext
open-sans;Open Sans;600;latin-ext
open-sans;Open Sans;600;vietamese
oswald;Oswald;600;latin
overpass-mono;Overpass Mono;600;latin
palanquin;Palanquin;600;latin
palanquin-dark;Palanquin Dark;600;latin
podkova;Podkova;600;latin
pridi;Pridi;600;latin
proza-libre;Proza Libre;600;latin
rajdhani;Rajdhani;600;latin
rasa;Rasa;600;latin
rokkitt;Rokkitt;600;latin
saira;Saira;600;latin
saira-condensed;Saira Condensed;600;latin
saira-extra-condensed;Saira Extra Condensed;600;latin
saira-semi-condensed;Saira Semi Condensed;600;latin
sarpanch;Sarpanch;600;latin
signika;Signika;600;latin
signika-negative;Signika Negative;600;latin
source-code-pro;Source Code Pro;600;latin
source-sans-pro;Source Sans Pro;600;latin
source-serif-pro;Source Serif Pro;600;latin
teko;Teko;600;latin
tillana;Tillana;600;latin
titillium-web;Titillium Web;600;latin
vollkorn;Vollkorn;600;latin
vollkorn-sc;Vollkorn SC;600;latin
work-sans;Work Sans;600;latin
yrsa;Yrsa;600;latin
zilla-slab;Zilla Slab;600;latin
archivo;Archivo;600italic;latin
archivo-narrow;Archivo Narrow;600italic;latin
asap;Asap;600italic;latin
asap-condensed;Asap Condensed;600italic;latin
bai-jamjuree;Bai Jamjuree;600italic;latin
barlow;Barlow;600italic;latin
barlow-condensed;Barlow Condensed;600italic;latin
barlow-condensed;Barlow Condensed;600italic;latin
barlow-semi-condensed;Barlow Semi Condensed;600italic;latin
cabin;Cabin;600italic;latin
chakra-petch;Chakra Petch;600italic;latin
cormorant;Cormorant;600italic;latin
cormorant-garamond;Cormorant Garamond;600italic;latin
cormorant-infant;Cormorant Infant;600italic;latin
crimson-text;Crimson Text;600italic;latin
eb-garamond;EB Garamond;600italic;latin
exo;Exo;600italic;latin
exo-2;Exo 2;600italic;latin
expletus-sans;Expletus Sans;600italic;latin
fahkwang;Fahkwang;600italic;latin
faustina;Faustina;600italic;latin
fira-sans;Fira Sans;600italic;latin
fira-sans-condensed;Fira Sans Condensed;600italic;latin
fira-sans-extra-condensed;Fira Sans Extra Condensed;600italic;latin
ibm-plex-mono;IBM Plex Mono;600italic;latin
ibm-plex-sans;IBM Plex Sans;600italic;latin
ibm-plex-sans-condensed;IBM Plex Sans Condensed;600italic;latin
ibm-plex-serif;IBM Plex Serif;600italic;latin
josefin-sans;Josefin Sans;600italic;latin
josefin-slab;Josefin Slab;600italic;latin
k2d;K2D;600italic;latin
kanit;Kanit;600italic;latin
kanit;Kanit;600italic;thai
kanit;Kanit;600italic;thai_latin
kanit;Kanit;600italic;thai_latin-ext_latin_vietnamese
kodchasan;Kodchasan;600italic;latin
koho;KoHo;600italic;latin
krub;Krub;600italic;latin
libre-franklin;Libre Franklin;600italic;latin
mali;Mali;600italic;latin
manuale;Manuale;600italic;latin
montserrat;Montserrat;600italic;latin
montserrat-alternates;Montserrat Alternates;600italic;latin
muli;Muli;600italic;latin
niramit;Niramit;600italic;latin
nunito;Nunito;600italic;latin
nunito-sans;Nunito Sans;600italic;latin
open-sans;Open Sans;600italic;latin
open-sans;Open Sans;600italic;greek-ext
open-sans;Open Sans;600italic;cyrillic-ext
open-sans;Open Sans;600italic;latin-ext
open-sans;Open Sans;600italic;vietamese
overpass;Overpass;600italic;latin
poppins;Poppins;600italic;latin
prompt;Prompt;600italic;latin
proza-libre;Proza Libre;600italic;latin
raleway;Raleway;600italic;latin
source-sans-pro;Source Sans Pro;600italic;latin
spectral;Spectral;600italic;latin
spectral-sc;Spectral SC;600italic;latin
titillium-web;Titillium Web;600italic;latin
trirong;Trirong;600italic;latin
vollkorn;Vollkorn;600italic;latin
zilla-slab;Zilla Slab;600italic;latin
abhaya-libre;Abhaya Libre;700;latin-ext_sinhala_latin
abhaya-libre;Abhaya Libre;700;latin
advent-pro;Advent Pro;700;latin
alef;Alef;700;latin_hebrew
alef;Alef;700;latin
alegreya;Alegreya;700;latin
alegreya-sc;Alegreya SC;700;latin
allan;Allan;700;latin
almendra;Almendra;700;latin
amaranth;Amaranth;700;latin
amatic-sc;Amatic SC;700;latin
amiko;Amiko;700;latin
amiri;Amiri;700;latin
amiri;Amiri;700;arabic
amiri;Amiri;700;arabic_latin
amiri;Amiri;700;latin-ext_arabic_latin
amita;Amita;700;latin
anonymous-pro;Anonymous Pro;700;latin
archivo;Archivo;700;latin
archivo-narrow;Archivo Narrow;700;latin
aref-ruqaa;Aref Ruqaa;700;latin
arima-madurai;Arima Madurai;700;latin
arimo;Arimo;700;greek_latin_hebrew_cyrillic_vietnamese
arimo;Arimo;700;latin_hebrew
arimo;Arimo;700;latin
arsenal;Arsenal;700;latin
arvo;Arvo;700;latin
arya;Arya;700;latin
asap;Asap;700;latin
asap-condensed;Asap Condensed;700;latin
assistant;Assistant;700;latin
astloch;Astloch;700;latin
asul;Asul;700;latin
athiti;Athiti;700;latin
atma;Atma;700;latin-ext_latin_bengali
atma;Atma;700;latin
averia-libre;Averia Libre;700;latin
averia-sans-libre;Averia Sans Libre;700;latin
averia-serif-libre;Averia Serif Libre;700;latin
battambang;Battambang;700;khmer
benchnine;BenchNine;700;latin
biorhyme;BioRhyme;700;latin
biorhyme-expanded;BioRhyme Expanded;700;latin
biryani;Biryani;700;latin
bitter;Bitter;700;latin
buenard;Buenard;700;latin
cabin;Cabin;700;latin
cabin-condensed;Cabin Condensed;700;latin
cabin-sketch;Cabin Sketch;700;latin
cairo;Cairo;700;latin
cambay;Cambay;700;latin
cantarell;Cantarell;700;latin
cardo;Cardo;700;latin
catamaran;Catamaran;700;latin
caudex;Caudex;700;latin
caveat;Caveat;700;latin
changa;Changa;700;latin
charmonman;Charmonman;700;latin
chathura;Chathura;700;latin
cherry-swash;Cherry Swash;700;latin
chivo;Chivo;700;latin
cinzel;Cinzel;700;latin
cinzel-decorative;Cinzel Decorative;700;latin
comfortaa;Comfortaa;700;latin
content;Content;700;khmer
corben;Corben;700;latin
cormorant-sc;Cormorant SC;700;latin
cormorant-unicase;Cormorant Unicase;700;latin
cormorant-upright;Cormorant Upright;700;latin
cousine;Cousine;700;latin
crimson-text;Crimson Text;700;latin
cuprum;Cuprum;700;latin
dancing-script;Dancing Script;700;latin
david-libre;David Libre;700;latin
delius-unicase;Delius Unicase;700;latin
domine;Domine;700;latin
dosis;Dosis;700;latin
eb-garamond;EB Garamond;700;latin
economica;Economica;700;latin
eczar;Eczar;700;latin
el-messiri;El Messiri;700;latin
encode-sans;Encode Sans;700;latin
encode-sans-condensed;Encode Sans Condensed;700;latin
encode-sans-expanded;Encode Sans Expanded;700;latin
encode-sans-semi-condensed;Encode Sans Semi Condensed;700;latin
encode-sans-semi-expanded;Encode Sans Semi Expanded;700;latin
enriqueta;Enriqueta;700;latin
expletus-sans;Expletus Sans;700;latin
faustina;Faustina;700;latin
fira-mono;Fira Mono;700;latin
frank-ruhl-libre;Frank Ruhl Libre;700;latin
gaegu;Gaegu;700;latin
gentium-basic;Gentium Basic;700;latin
gentium-book-basic;Gentium Book Basic;700;latin
gfs-neohellenic;GFS Neohellenic;700;greek
glegoo;Glegoo;700;latin
gorditas;Gorditas;700;latin
gothic-a7;Gothic A7;700;latin
gudea;Gudea;700;latin
halant;Halant;700;latin-ext_latin_devanagari
halant;Halant;700;latin
hanuman;Hanuman;700;khmer
heebo;Heebo;700;latin
hind;Hind;700;latin-ext_latin_devanagari
hind-guntur;Hind Guntur;700;latin-ext_telugu_latin
hind-madurai;Hind Madurai;700;latin-ext_tamil_latin
hind-siliguri;Hind Siliguri;700;latin_bengali
hind-vadodara;Hind Vadodara;700;latin-ext_latin_gujarati
hind;Hind;700;latin
hind-guntur;Hind Guntur;700;latin
hind-madurai;Hind Madurai;700;latin
hind-siliguri;Hind Siliguri;700;latin
hind-vadodara;Hind Vadodara;700;latin
inconsolata;Inconsolata;700;latin
inika;Inika;700;latin
inknut-antiqua;Inknut Antiqua;700;latin
istok-web;Istok Web;700;latin
jaldi;Jaldi;700;latin
judson;Judson;700;latin
jura;Jura;700;latin
kadwa;Kadwa;700;latin
kalam;Kalam;700;latin
kameron;Kameron;700;latin
kantumruy;Kantumruy;700;khmer
karla;Karla;700;latin
karma;Karma;700;latin
khand;Khand;700;latin
khula;Khula;700;latin
kreon;Kreon;700;latin
laila;Laila;700;latin
lato;Lato;700;latin
lekton;Lekton;700;latin
lemonada;Lemonada;700;latin
libre-baskerville;Libre Baskerville;700;latin
life-savers;Life Savers;700;latin
lobster-two;Lobster Two;700;latin
lora;Lora;700;latin
lusitana;Lusitana;700;latin
m-plus-1p;M PLUS 1p;700;latin
m-plus-rounded-1c;M PLUS Rounded 1c;700;latin
mada;Mada;700;latin
magra;Magra;700;latin
maitree;Maitree;700;latin
manuale;Manuale;700;latin
markazi-text;Markazi Text;700;latin
martel;Martel;700;latin
martel-sans;Martel Sans;700;latin
marvel;Marvel;700;latin
maven-pro;Maven Pro;700;latin
merienda;Merienda;700;latin
merriweather;Merriweather;700;latin
merriweather-sans;Merriweather Sans;700;latin
mina;Mina;700;latin
miriam-libre;Miriam Libre;700;latin
mirza;Mirza;700;latin
mitr;Mitr;700;latin
monda;Monda;700;latin
montserrat-subrayada;Montserrat Subrayada;700;latin
mountains-of-christmas;Mountains of Christmas;700;latin
mukta;Mukta;700;latin-ext_latin_devanagari
mukta-mahee;Mukta Mahee;700;gurmukhi_latin-ext_latin
mukta-malar;Mukta Malar;700;latin-ext_tamil_latin
mukta-vaani;Mukta Vaani;700;latin-ext_latin_gujarati
mukta;Mukta;700;latin
mukta-mahee;Mukta Mahee;700;latin
mukta-malar;Mukta Malar;700;latin
mukta-vaani;Mukta Vaani;700;latin
nanum-gothic;Nanum Gothic;700;latin_korean
nanum-gothic;Nanum Gothic;700;latin
nanum-gothic-coding;Nanum Gothic Coding;700;latin
nanum-myeongjo;Nanum Myeongjo;700;latin
neuton;Neuton;700;latin
news-cycle;News Cycle;700;latin
nobile;Nobile;700;latin
nokora;Nokora;700;khmer
noticia-text;Noticia Text;700;latin
noto-sans;Noto Sans;700;cyrillic-ext_cyrillic
noto-sans;Noto Sans;700;devanagari
noto-sans;Noto Sans;700;greek_greek-ext
noto-sans;Noto Sans;700;latin
noto-sans;Noto Sans;700;latin_latin-ext_vietnamese
noto-sans-jp;Noto Sans JP;700;japanese_latin
noto-sans-kr;Noto Sans KR;700;latin_korean
noto-serif;Noto Serif;700;latin
noto-serif-jp;Noto Serif JP;700;japanese_latin
noto-serif-kr;Noto Serif KR;700;latin_korean
old-standard-tt;Old Standard TT;700;latin
oleo-script;Oleo Script;700;latin
oleo-script-swash-caps;Oleo Script Swash Caps;700;latin
open-sans;Open Sans;700;latin
open-sans;Open Sans;700;greek-ext
open-sans;Open Sans;700;cyrillic-ext
open-sans;Open Sans;700;latin-ext
open-sans;Open Sans;700;vietamese
open-sans-condensed;Open Sans Condensed;700;latin
orbitron;Orbitron;700;latin
oswald;Oswald;700;latin
overlock;Overlock;700;latin
overpass-mono;Overpass Mono;700;latin
oxygen;Oxygen;700;latin
padauk;Padauk;700;latin_myanmar
padauk;Padauk;700;latin
palanquin;Palanquin;700;latin
palanquin-dark;Palanquin Dark;700;latin
passion-one;Passion One;700;latin
philosopher;Philosopher;700;latin
play;Play;700;latin
playfair-display;Playfair Display;700;latin
playfair-display-sc;Playfair Display SC;700;latin
podkova;Podkova;700;latin
pragati-narrow;Pragati Narrow;700;latin
pridi;Pridi;700;latin
proza-libre;Proza Libre;700;latin
pt-sans;PT Sans;700;latin
pt-sans-caption;PT Sans Caption;700;latin
pt-sans-narrow;PT Sans Narrow;700;latin
pt-serif;PT Serif;700;latin
puritan;Puritan;700;latin
quantico;Quantico;700;latin
quattrocento;Quattrocento;700;latin
quattrocento-sans;Quattrocento Sans;700;latin
quicksand;Quicksand;700;latin
rajdhani;Rajdhani;700;latin
rambla;Rambla;700;latin
ranga;Ranga;700;latin
rasa;Rasa;700;latin
roboto-condensed;Roboto Condensed;700;latin
roboto-slab;Roboto Slab;700;latin
rokkitt;Rokkitt;700;latin
rosario;Rosario;700;latin
rubik;Rubik;700;latin
ruda;Ruda;700;latin
rufina;Rufina;700;latin
sahitya;Sahitya;700;latin
saira;Saira;700;latin
saira-condensed;Saira Condensed;700;latin
saira-extra-condensed;Saira Extra Condensed;700;latin
saira-semi-condensed;Saira Semi Condensed;700;latin
sansita;Sansita;700;latin
sarala;Sarala;700;latin
sarpanch;Sarpanch;700;latin
scada;Scada;700;latin
scheherazade;Scheherazade;700;latin
share;Share;700;latin
signika;Signika;700;latin
signika-negative;Signika Negative;700;latin
sintony;Sintony;700;latin
skranji;Skranji;700;latin
source-code-pro;Source Code Pro;700;latin
source-serif-pro;Source Serif Pro;700;latin
space-mono;Space Mono;700;latin
srisakdi;Srisakdi;700;latin
stardos-stencil;Stardos Stencil;700;latin
sumana;Sumana;700;latin
sunflower;Sunflower;700;latin
sura;Sura;700;latin
syncopate;Syncopate;700;latin
tajawal;Tajawal;700;arabic_latin
tajawal;Tajawal;700;latin
tangerine;Tangerine;700;latin
teko;Teko;700;latin
tienne;Tienne;700;latin
tillana;Tillana;700;latin
tinos;Tinos;700;latin_hebrew_cyrillic_vietnamese
tinos;Tinos;700;latin_hebrew
tinos;Tinos;700;latin
trochut;Trochut;700;latin
ubuntu;Ubuntu;700;latin
ubuntu-mono;Ubuntu Mono;700;latin
unifrakturcook;UnifrakturCook;700;latin
unkempt;Unkempt;700;latin
unna;Unna;700;latin
vesper-libre;Vesper Libre;700;latin
volkhov;Volkhov;700;latin
vollkorn;Vollkorn;700;latin
vollkorn-sc;Vollkorn SC;700;latin
work-sans;Work Sans;700;latin
yanone-kaffeesatz;Yanone Kaffeesatz;700;latin
yantramanav;Yantramanav;700;latin
yrsa;Yrsa;700;latin
zilla-slab-highlight;Zilla Slab Highlight;700;latin
alegreya;Alegreya;700italic;latin
alegreya-sans;Alegreya Sans;700italic;latin
alegreya-sans-sc;Alegreya Sans SC;700italic;latin
alegreya-sc;Alegreya SC;700italic;latin
almendra;Almendra;700italic;latin
amaranth;Amaranth;700italic;latin
amiri;Amiri;700italic;latin
amiri;Amiri;700italic;arabic
amiri;Amiri;700italic;arabic_latin
amiri;Amiri;700italic;latin-ext_arabic_latin
anonymous-pro;Anonymous Pro;700italic;latin
archivo;Archivo;700italic;latin
archivo-narrow;Archivo Narrow;700italic;latin
arimo;Arimo;700italic;greek_latin_hebrew_cyrillic_vietnamese
arimo;Arimo;700italic;latin_hebrew
arimo;Arimo;700italic;latin
arsenal;Arsenal;700italic;latin
arvo;Arvo;700italic;latin
asap;Asap;700italic;latin
asap-condensed;Asap Condensed;700italic;latin
averia-libre;Averia Libre;700italic;latin
averia-sans-libre;Averia Sans Libre;700italic;latin
averia-serif-libre;Averia Serif Libre;700italic;latin
bai-jamjuree;Bai Jamjuree;700italic;latin
barlow;Barlow;700italic;latin
barlow-condensed;Barlow Condensed;700italic;latin
barlow-condensed;Barlow Condensed;700italic;latin
barlow-semi-condensed;Barlow Semi Condensed;700italic;latin
cabin;Cabin;700italic;latin
cambay;Cambay;700italic;latin
cantarell;Cantarell;700italic;latin
caudex;Caudex;700italic;latin
chakra-petch;Chakra Petch;700italic;latin
chivo;Chivo;700italic;latin
cormorant;Cormorant;700italic;latin
cormorant-garamond;Cormorant Garamond;700italic;latin
cormorant-infant;Cormorant Infant;700italic;latin
cousine;Cousine;700italic;latin
crimson-text;Crimson Text;700italic;latin
cuprum;Cuprum;700italic;latin
eb-garamond;EB Garamond;700italic;latin
economica;Economica;700italic;latin
exo;Exo;700italic;latin
exo-2;Exo 2;700italic;latin
expletus-sans;Expletus Sans;700italic;latin
fahkwang;Fahkwang;700italic;latin
faustina;Faustina;700italic;latin
fira-sans;Fira Sans;700italic;latin
fira-sans-condensed;Fira Sans Condensed;700italic;latin
fira-sans-extra-condensed;Fira Sans Extra Condensed;700italic;latin
gentium-basic;Gentium Basic;700italic;latin
gentium-book-basic;Gentium Book Basic;700italic;latin
gfs-neohellenic;GFS Neohellenic;700italic;greek
ibm-plex-mono;IBM Plex Mono;700italic;latin
ibm-plex-sans;IBM Plex Sans;700italic;latin
ibm-plex-sans-condensed;IBM Plex Sans Condensed;700italic;latin
ibm-plex-serif;IBM Plex Serif;700italic;latin
istok-web;Istok Web;700italic;latin
josefin-sans;Josefin Sans;700italic;latin
josefin-slab;Josefin Slab;700italic;latin
k2d;K2D;700italic;latin
kanit;Kanit;700italic;latin
kanit;Kanit;700italic;thai
kanit;Kanit;700italic;thai_latin
kanit;Kanit;700italic;thai_latin-ext_latin_vietnamese
karla;Karla;700italic;latin
kodchasan;Kodchasan;700italic;latin
koho;KoHo;700italic;latin
krub;Krub;700italic;latin
lato;Lato;700italic;latin
libre-franklin;Libre Franklin;700italic;latin
lobster-two;Lobster Two;700italic;latin
lora;Lora;700italic;latin
mali;Mali;700italic;latin
manuale;Manuale;700italic;latin
marvel;Marvel;700italic;latin
merriweather;Merriweather;700italic;latin
merriweather-sans;Merriweather Sans;700italic;latin
montserrat;Montserrat;700italic;latin
montserrat-alternates;Montserrat Alternates;700italic;latin
muli;Muli;700italic;latin
niramit;Niramit;700italic;latin
nobile;Nobile;700italic;latin
noticia-text;Noticia Text;700italic;latin
noto-sans;Noto Sans;700italic;cyrillic-ext_cyrillic
noto-sans;Noto Sans;700italic;devanagari
noto-sans;Noto Sans;700italic;greek_greek-ext
noto-sans;Noto Sans;700italic;latin
noto-sans;Noto Sans;700italic;latin_latin-ext_vietnamese
noto-serif;Noto Serif;700italic;latin
nunito;Nunito;700italic;latin
nunito-sans;Nunito Sans;700italic;latin
open-sans;Open Sans;700italic;latin
open-sans;Open Sans;700italic;greek-ext
open-sans;Open Sans;700italic;cyrillic-ext
open-sans;Open Sans;700italic;latin-ext
open-sans;Open Sans;700italic;vietamese
overlock;Overlock;700italic;latin
overpass;Overpass;700italic;latin
philosopher;Philosopher;700italic;latin
playfair-display;Playfair Display;700italic;latin
playfair-display-sc;Playfair Display SC;700italic;latin
poppins;Poppins;700italic;latin
prompt;Prompt;700italic;latin
proza-libre;Proza Libre;700italic;latin
pt-sans;PT Sans;700italic;latin
pt-serif;PT Serif;700italic;latin
puritan;Puritan;700italic;latin
quantico;Quantico;700italic;latin
quattrocento-sans;Quattrocento Sans;700italic;latin
raleway;Raleway;700italic;latin
rambla;Rambla;700italic;latin
roboto;Roboto;700italic;latin
roboto;Roboto;700italic;vietnamese
roboto;Roboto;700italic;cyrillic-ext_cyrillic
roboto;Roboto;700italic;latin-ext
roboto;Roboto;700italic;greek_greek-ext
roboto-condensed;Roboto Condensed;700italic;latin
roboto-mono;Roboto Mono;700italic;latin
rosario;Rosario;700italic;latin
rubik;Rubik;700italic;latin
sansita;Sansita;700italic;latin
scada;Scada;700italic;latin
share;Share;700italic;latin
source-sans-pro;Source Sans Pro;700italic;latin
space-mono;Space Mono;700italic;latin
spectral;Spectral;700italic;latin
spectral-sc;Spectral SC;700italic;latin
tinos;Tinos;700italic;latin_hebrew_cyrillic_vietnamese
tinos;Tinos;700italic;latin_hebrew
tinos;Tinos;700italic;latin
titillium-web;Titillium Web;700italic;latin
trirong;Trirong;700italic;latin
ubuntu;Ubuntu;700italic;latin
ubuntu-mono;Ubuntu Mono;700italic;latin
unna;Unna;700italic;latin
volkhov;Volkhov;700italic;latin
vollkorn;Vollkorn;700italic;latin
zilla-slab;Zilla Slab;700italic;latin
abhaya-libre;Abhaya Libre;800;latin-ext_sinhala_latin
abhaya-libre;Abhaya Libre;800;latin
alegreya;Alegreya;800;latin
alegreya-sc;Alegreya SC;800;latin
arima-madurai;Arima Madurai;800;latin
biorhyme;BioRhyme;800;latin
biorhyme-expanded;BioRhyme Expanded;800;latin
biryani;Biryani;800;latin
catamaran;Catamaran;800;latin
changa;Changa;800;latin
chathura;Chathura;800;latin
coda;Coda;800;latin
coda-caption;Coda Caption;800;latin
dosis;Dosis;800;latin
eczar;Eczar;800;latin
encode-sans;Encode Sans;800;latin
encode-sans-condensed;Encode Sans Condensed;800;latin
encode-sans-expanded;Encode Sans Expanded;800;latin
encode-sans-semi-condensed;Encode Sans Semi Condensed;800;latin
encode-sans-semi-expanded;Encode Sans Semi Expanded;800;latin
gothic-a8;Gothic A8;800;latin
heebo;Heebo;800;latin
inknut-antiqua;Inknut Antiqua;800;latin
khula;Khula;800;latin
m-plus-1p;M PLUS 1p;800;latin
m-plus-rounded-1c;M PLUS Rounded 1c;800;latin
martel;Martel;800;latin
martel-sans;Martel Sans;800;latin
merriweather-sans;Merriweather Sans;800;latin
mukta;Mukta;800;latin-ext_latin_devanagari
mukta-mahee;Mukta Mahee;800;gurmukhi_latin-ext_latin
mukta-malar;Mukta Malar;800;latin-ext_tamil_latin
mukta-vaani;Mukta Vaani;800;latin-ext_latin_gujarati
mukta;Mukta;800;latin
mukta-mahee;Mukta Mahee;800;latin
mukta-malar;Mukta Malar;800;latin
mukta-vaani;Mukta Vaani;800;latin
nanum-gothic;Nanum Gothic;800;latin_korean
nanum-gothic;Nanum Gothic;800;latin
nanum-myeongjo;Nanum Myeongjo;800;latin
neuton;Neuton;800;latin
podkova;Podkova;800;latin
rokkitt;Rokkitt;800;latin
saira;Saira;800;latin
saira-condensed;Saira Condensed;800;latin
saira-extra-condensed;Saira Extra Condensed;800;latin
saira-semi-condensed;Saira Semi Condensed;800;latin
sansita;Sansita;800;latin
sarpanch;Sarpanch;800;latin
sniglet;Sniglet;800;latin
tajawal;Tajawal;800;arabic_latin
tajawal;Tajawal;800;latin
tillana;Tillana;800;latin
work-sans;Work Sans;800;latin
alegreya;Alegreya;800italic;latin
alegreya-sans;Alegreya Sans;800italic;latin
alegreya-sans-sc;Alegreya Sans SC;800italic;latin
alegreya-sc;Alegreya SC;800italic;latin
barlow;Barlow;800italic;latin
barlow-condensed;Barlow Condensed;800italic;latin
barlow-condensed;Barlow Condensed;800italic;latin
barlow-semi-condensed;Barlow Semi Condensed;800italic;latin
eb-garamond;EB Garamond;800italic;latin
exo;Exo;800italic;latin
exo-2;Exo 2;800italic;latin
fira-sans;Fira Sans;800italic;latin
fira-sans-condensed;Fira Sans Condensed;800italic;latin
fira-sans-extra-condensed;Fira Sans Extra Condensed;800italic;latin
k2d;K2D;800italic;latin
kanit;Kanit;800italic;latin
kanit;Kanit;800italic;thai
kanit;Kanit;800italic;thai_latin
kanit;Kanit;800italic;thai_latin-ext_latin_vietnamese
libre-franklin;Libre Franklin;800italic;latin
merriweather-sans;Merriweather Sans;800italic;latin
montserrat;Montserrat;800italic;latin
montserrat-alternates;Montserrat Alternates;800italic;latin
muli;Muli;800italic;latin
nunito;Nunito;800italic;latin
nunito-sans;Nunito Sans;800italic;latin
open-sans;Open Sans;800italic;latin
open-sans;Open Sans;800italic;greek-ext
open-sans;Open Sans;800italic;cyrillic-ext
open-sans;Open Sans;800italic;latin-ext
open-sans;Open Sans;800italic;vietamese
overpass;Overpass;800italic;latin
poppins;Poppins;800italic;latin
prompt;Prompt;800italic;latin
proza-libre;Proza Libre;800italic;latin
raleway;Raleway;800italic;latin
sansita;Sansita;800italic;latin
spectral;Spectral;800italic;latin
spectral-sc;Spectral SC;800italic;latin
trirong;Trirong;800italic;latin
arima-madurai;Arima Madurai;900;latin
biryani;Biryani;900;latin
cairo;Cairo;900;latin
chivo;Chivo;900;latin
cinzel;Cinzel;900;latin
cinzel-decorative;Cinzel Decorative;900;latin
coustard;Coustard;900;latin
elsie;Elsie;900;latin
elsie-swash-caps;Elsie Swash Caps;900;latin
frank-ruhl-libre;Frank Ruhl Libre;900;latin
heebo;Heebo;900;latin
inknut-antiqua;Inknut Antiqua;900;latin
londrina-solid;Londrina Solid;900;latin
m-plus-rounded-1c;M PLUS Rounded 1c;900;latin
mada;Mada;900;latin
martel;Martel;900;latin
martel;Martel;900;latin
martel-sans;Martel Sans;900;latin
maven-pro;Maven Pro;900;latin
merriweather;Merriweather;900;latin
noto-sans-jp;Noto Sans JP;900;japanese_latin
noto-sans-kr;Noto Sans KR;900;latin_korean
noto-serif-jp;Noto Serif JP;900;japanese_latin
noto-serif-kr;Noto Serif KR;900;latin_korean
orbitron;Orbitron;900;latin
overlock;Overlock;900;latin
passion-one;Passion One;900;latin
playfair-display;Playfair Display;900;latin
playfair-display-sc;Playfair Display SC;900;latin
ruda;Ruda;900;latin
sansita;Sansita;900;latin
sarpanch;Sarpanch;900;latin
simonetta;Simonetta;900;latin
source-code-pro;Source Code Pro;900;latin
tajawal;Tajawal;900;arabic_latin
tajawal;Tajawal;900;latin
tienne;Tienne;900;latin
vesper-libre;Vesper Libre;900;latin
vollkorn;Vollkorn;900;latin
vollkorn-sc;Vollkorn SC;900;latin
yantramanav;Yantramanav;900;latin
alegreya;Alegreya;900italic;latin
alegreya-sans;Alegreya Sans;900italic;latin
alegreya-sans-sc;Alegreya Sans SC;900italic;latin
alegreya-sc;Alegreya SC;900italic;latin
barlow;Barlow;900italic;latin
barlow-condensed;Barlow Condensed;900italic;latin
barlow-condensed;Barlow Condensed;900italic;latin
barlow-semi-condensed;Barlow Semi Condensed;900italic;latin
chivo;Chivo;900italic;latin
exo;Exo;900italic;latin
exo-2;Exo 2;900italic;latin
fira-sans;Fira Sans;900italic;latin
fira-sans-condensed;Fira Sans Condensed;900italic;latin
fira-sans-extra-condensed;Fira Sans Extra Condensed;900italic;latin
kanit;Kanit;900italic;latin
kanit;Kanit;900italic;thai
kanit;Kanit;900italic;thai_latin
kanit;Kanit;900italic;thai_latin-ext_latin_vietnamese
lato;Lato;900italic;latin
libre-franklin;Libre Franklin;900italic;latin
merriweather;Merriweather;900italic;latin
montserrat;Montserrat;900italic;latin
montserrat-alternates;Montserrat Alternates;900italic;latin
muli;Muli;900italic;latin
nunito;Nunito;900italic;latin
nunito-sans;Nunito Sans;900italic;latin
overlock;Overlock;900italic;latin
overpass;Overpass;900italic;latin
playfair-display;Playfair Display;900italic;latin
playfair-display-sc;Playfair Display SC;900italic;latin
poppins;Poppins;900italic;latin
prompt;Prompt;900italic;latin
raleway;Raleway;900italic;latin
roboto;Roboto;900italic;latin
roboto;Roboto;900italic;vietnamese
roboto;Roboto;900italic;cyrillic-ext_cyrillic
roboto;Roboto;900italic;latin-ext
roboto;Roboto;900italic;greek_greek-ext
rubik;Rubik;900italic;latin
sansita;Sansita;900italic;latin
simonetta;Simonetta;900italic;latin
source-sans-pro;Source Sans Pro;900italic;latin
trirong;Trirong;900italic;latin
vollkorn;Vollkorn;900italic;latin
abeezee;ABeeZee;italic;latin
alegreya;Alegreya;italic;latin
alegreya-sans;Alegreya Sans;italic;latin
alegreya-sans-sc;Alegreya Sans SC;italic;latin
alegreya-sc;Alegreya SC;italic;latin
almendra;Almendra;italic;latin
amaranth;Amaranth;italic;latin
amiri;Amiri;italic;latin
amiri;Amiri;italic;arabic
amiri;Amiri;italic;arabic_latin
amiri;Amiri;italic;latin-ext_arabic_latin
anonymous-pro;Anonymous Pro;italic;latin
arapey;Arapey;italic;latin
archivo;Archivo;italic;latin
archivo-narrow;Archivo Narrow;italic;latin
arimo;Arimo;italic;greek_latin_hebrew_cyrillic_vietnamese
arimo;Arimo;italic;latin_hebrew
arimo;Arimo;italic;latin
arsenal;Arsenal;italic;latin
arvo;Arvo;italic;latin
asap;Asap;italic;latin
asap-condensed;Asap Condensed;italic;latin
averia-libre;Averia Libre;italic;latin
averia-sans-libre;Averia Sans Libre;italic;latin
averia-serif-libre;Averia Serif Libre;italic;latin
bai-jamjuree;Bai Jamjuree;italic;latin
barlow;Barlow;italic;latin
barlow-condensed;Barlow Condensed;italic;latin
barlow-condensed;Barlow Condensed;italic;latin
barlow-semi-condensed;Barlow Semi Condensed;italic;latin
bitter;Bitter;italic;latin
cabin;Cabin;italic;latin
cambay;Cambay;italic;latin
cantarell;Cantarell;italic;latin
cardo;Cardo;italic;latin
caudex;Caudex;italic;latin
chakra-petch;Chakra Petch;italic;latin
changa-one;Changa One;italic;latin
chau-philomene-one;Chau Philomene One;italic;latin
chivo;Chivo;italic;latin
cormorant;Cormorant;italic;latin
cormorant-garamond;Cormorant Garamond;italic;latin
cormorant-infant;Cormorant Infant;italic;latin
cousine;Cousine;italic;latin
crete-round;Crete Round;italic;latin
crimson-text;Crimson Text;italic;latin
cuprum;Cuprum;italic;latin
eb-garamond;EB Garamond;italic;latin
economica;Economica;italic;latin
exo;Exo;italic;latin
exo-2;Exo 2;italic;latin
expletus-sans;Expletus Sans;italic;latin
fahkwang;Fahkwang;italic;latin
fanwood-text;Fanwood Text;italic;latin
faustina;Faustina;italic;latin
fira-sans;Fira Sans;italic;latin
fira-sans-condensed;Fira Sans Condensed;italic;latin
fira-sans-extra-condensed;Fira Sans Extra Condensed;italic;latin
fondamento;Fondamento;italic;latin
gentium-basic;Gentium Basic;italic;latin
gentium-book-basic;Gentium Book Basic;italic;latin
geo;Geo;italic;latin
gfs-neohellenic;GFS Neohellenic;italic;greek
gudea;Gudea;italic;latin
ibm-plex-mono;IBM Plex Mono;italic;latin
ibm-plex-sans;IBM Plex Sans;italic;latin
ibm-plex-sans-condensed;IBM Plex Sans Condensed;italic;latin
ibm-plex-serif;IBM Plex Serif;italic;latin
im-fell-double-pica;IM Fell Double Pica;italic;latin
im-fell-dw-pica;IM Fell DW Pica;italic;latin
im-fell-english;IM Fell English;italic;latin
im-fell-french-canon;IM Fell French Canon;italic;latin
im-fell-great-primer;IM Fell Great Primer;italic;latin
istok-web;Istok Web;italic;latin
josefin-sans;Josefin Sans;italic;latin
josefin-slab;Josefin Slab;italic;latin
judson;Judson;italic;latin
k2d;K2D;italic;latin
kanit;Kanit;italic;latin
kanit;Kanit;italic;thai
kanit;Kanit;italic;thai_latin
kanit;Kanit;italic;thai_latin-ext_latin_vietnamese
karla;Karla;italic;latin
kodchasan;Kodchasan;italic;latin
koho;KoHo;italic;latin
krub;Krub;italic;latin
lato;Lato;italic;latin
lekton;Lekton;italic;latin
libre-baskerville;Libre Baskerville;italic;latin
libre-franklin;Libre Franklin;italic;latin
linden-hill;Linden Hill;italic;latin
lobster-two;Lobster Two;italic;latin
lora;Lora;italic;latin
mali;Mali;italic;latin
manuale;Manuale;italic;latin
marvel;Marvel;italic;latin
mate;Mate;italic;latin
merriweather;Merriweather;italic;latin
merriweather-sans;Merriweather Sans;italic;latin
molle;Molle;italic;latin
montserrat;Montserrat;italic;latin
montserrat-alternates;Montserrat Alternates;italic;latin
muli;Muli;italic;latin
neuton;Neuton;italic;latin
niramit;Niramit;italic;latin
nobile;Nobile;italic;latin
noticia-text;Noticia Text;italic;latin
noto-sans;Noto Sans;italic;cyrillic-ext_cyrillic
noto-sans;Noto Sans;italic;devanagari
noto-sans;Noto Sans;italic;greek_greek-ext
noto-sans;Noto Sans;italic;latin
noto-sans;Noto Sans;italic;latin_latin-ext_vietnamese
noto-serif;Noto Serif;italic;latin
nunito;Nunito;italic;latin
nunito-sans;Nunito Sans;italic;latin
old-standard-tt;Old Standard TT;italic;latin
open-sans;Open Sans;italic;latin
open-sans;Open Sans;italic;greek-ext
open-sans;Open Sans;italic;cyrillic-ext
open-sans;Open Sans;italic;latin-ext
open-sans;Open Sans;italic;vietamese
oregano;Oregano;italic;latin
overlock;Overlock;italic;latin
overpass;Overpass;italic;latin
philosopher;Philosopher;italic;latin
playfair-display;Playfair Display;italic;latin
playfair-display-sc;Playfair Display SC;italic;latin
poly;Poly;italic;latin
poppins;Poppins;italic;latin
prompt;Prompt;italic;latin
proza-libre;Proza Libre;italic;latin
pt-sans;PT Sans;italic;latin
pt-serif;PT Serif;italic;latin
pt-serif-caption;PT Serif Caption;italic;latin
puritan;Puritan;italic;latin
quantico;Quantico;italic;latin
quattrocento-sans;Quattrocento Sans;italic;latin
radley;Radley;italic;latin
raleway;Raleway;italic;latin
rambla;Rambla;italic;latin
roboto;Roboto;italic;latin
roboto;Roboto;italic;vietnamese
roboto;Roboto;italic;cyrillic-ext_cyrillic
roboto;Roboto;italic;latin-ext
roboto;Roboto;italic;greek_greek-ext
roboto-condensed;Roboto Condensed;italic;latin
roboto-mono;Roboto Mono;italic;latin
ropa-sans;Ropa Sans;italic;latin
rosario;Rosario;italic;latin
rosarivo;Rosarivo;italic;latin
rubik;Rubik;italic;latin
sanchez;Sanchez;italic;latin
sansita;Sansita;italic;latin
scada;Scada;italic;latin
share;Share;italic;latin
simonetta;Simonetta;italic;latin
sorts-mill-goudy;Sorts Mill Goudy;italic;latin
source-sans-pro;Source Sans Pro;italic;latin
space-mono;Space Mono;italic;latin
spectral;Spectral;italic;latin
spectral-sc;Spectral SC;italic;latin
tinos;Tinos;italic;latin_hebrew_cyrillic_vietnamese
tinos;Tinos;italic;latin_hebrew
tinos;Tinos;italic;latin
titillium-web;Titillium Web;italic;latin
trirong;Trirong;italic;latin
trochut;Trochut;italic;latin
ubuntu;Ubuntu;italic;latin
ubuntu-mono;Ubuntu Mono;italic;latin
unna;Unna;italic;latin
volkhov;Volkhov;italic;latin
vollkorn;Vollkorn;italic;latin
zilla-slab;Zilla Slab;italic;latin
abeezee;ABeeZee;regular;latin
abel;Abel;regular;latin
abhaya-libre;Abhaya Libre;regular;latin-ext_sinhala_latin
abhaya-libre;Abhaya Libre;regular;latin
abril-fatface;Abril Fatface;regular;latin
aclonica;Aclonica;regular;latin
acme;Acme;regular;latin
actor;Actor;regular;latin
adamina;Adamina;regular;latin
advent-pro;Advent Pro;regular;latin
aguafina-script;Aguafina Script;regular;latin
akronim;Akronim;regular;latin
aladin;Aladin;regular;latin
aldrich;Aldrich;regular;latin
alef;Alef;regular;latin_hebrew
alef;Alef;regular;latin
alegreya;Alegreya;regular;latin
alegreya-sans;Alegreya Sans;regular;latin
alegreya-sans-sc;Alegreya Sans SC;regular;latin
alegreya-sc;Alegreya SC;regular;latin
alex-brush;Alex Brush;regular;latin
alfa-slab-one;Alfa Slab One;regular;latin
alice;Alice;regular;latin
alike;Alike;regular;latin
alike-angular;Alike Angular;regular;latin
allan;Allan;regular;latin
allerta;Allerta;regular;latin
allerta-stencil;Allerta Stencil;regular;latin
allura;Allura;regular;latin
almendra;Almendra;regular;latin
almendra-display;Almendra Display;regular;latin
almendra-sc;Almendra SC;regular;latin
amarante;Amarante;regular;latin
amaranth;Amaranth;regular;latin
amatic-sc;Amatic SC;regular;latin
amethysta;Amethysta;regular;latin
amiko;Amiko;regular;latin
amiri;Amiri;regular;latin
amiri;Amiri;regular;arabic
amiri;Amiri;regular;arabic_latin
amiri;Amiri;regular;latin-ext_arabic_latin
amita;Amita;regular;latin
anaheim;Anaheim;regular;latin
andada;Andada;regular;latin
andika;Andika;regular;latin
angkor;Angkor;regular;khmer
annie-use-your-telescope;Annie Use Your Telescope;regular;latin
anonymous-pro;Anonymous Pro;regular;latin
antic;Antic;regular;latin
antic-didone;Antic Didone;regular;latin
antic-slab;Antic Slab;regular;latin
anton;Anton;regular;latin
arapey;Arapey;regular;latin
arbutus;Arbutus;regular;latin
arbutus-slab;Arbutus Slab;regular;latin
architects-daughter;Architects Daughter;regular;latin
archivo;Archivo;regular;latin
archivo-black;Archivo Black;regular;latin
archivo-narrow;Archivo Narrow;regular;latin
aref-ruqaa;Aref Ruqaa;regular;latin
arima-madurai;Arima Madurai;regular;latin
arimo;Arimo;regular;greek_latin_hebrew_cyrillic_vietnamese
arimo;Arimo;regular;latin_hebrew
arimo;Arimo;regular;latin
arizonia;Arizonia;regular;latin
armata;Armata;regular;latin
arsenal;Arsenal;regular;latin
artifika;Artifika;regular;latin
arvo;Arvo;regular;latin
arya;Arya;regular;latin
asap;Asap;regular;latin
asap-condensed;Asap Condensed;regular;latin
asar;Asar;regular;latin
asset;Asset;regular;latin
assistant;Assistant;regular;latin
astloch;Astloch;regular;latin
asul;Asul;regular;latin
athiti;Athiti;regular;latin
atma;Atma;regular;latin-ext_latin_bengali
atma;Atma;regular;latin
atomic-age;Atomic Age;regular;latin
aubrey;Aubrey;regular;latin
audiowide;Audiowide;regular;latin
autour-one;Autour One;regular;latin
average;Average;regular;latin
average-sans;Average Sans;regular;latin
averia-gruesa-libre;Averia Gruesa Libre;regular;latin
averia-libre;Averia Libre;regular;latin
averia-sans-libre;Averia Sans Libre;regular;latin
averia-serif-libre;Averia Serif Libre;regular;latin
bad-script;Bad Script;regular;latin
bahiana;Bahiana;regular;latin
bai-jamjuree;Bai Jamjuree;regular;latin
baloo;Baloo;regular;latin
baloo-bhai;Baloo Bhai;regular;latin
baloo-bhaijaan;Baloo Bhaijaan;regular;latin
baloo-bhaina;Baloo Bhaina;regular;oriya_latin-ext_latin_vietnamese
baloo-chettan;Baloo Chettan;regular;latin-ext_latin_vietnamese_malayalam
baloo-bhaina;Baloo Bhaina;regular;latin
baloo-chettan;Baloo Chettan;regular;latin
baloo-da;Baloo Da;regular;latin
baloo-paaji;Baloo Paaji;regular;latin
baloo-tamma;Baloo Tamma;regular;kannada_latin-ext_latin_vietnamese
baloo-tamma;Baloo Tamma;regular;latin
baloo-tammudu;Baloo Tammudu;regular;latin
baloo-thambi;Baloo Thambi;regular;latin
balthazar;Balthazar;regular;latin
bangers;Bangers;regular;latin
barlow;Barlow;regular;latin
barlow-condensed;Barlow Condensed;regular;latin
barlow-condensed;Barlow Condensed;regular;latin
barlow-semi-condensed;Barlow Semi Condensed;regular;latin
barrio;Barrio;regular;latin
basic;Basic;regular;latin
battambang;Battambang;regular;khmer
baumans;Baumans;regular;latin
bayon;Bayon;regular;khmer
belgrano;Belgrano;regular;latin
bellefair;Bellefair;regular;latin
belleza;Belleza;regular;latin
benchnine;BenchNine;regular;latin
bentham;Bentham;regular;latin
berkshire-swash;Berkshire Swash;regular;latin
bevan;Bevan;regular;latin
bigelow-rules;Bigelow Rules;regular;latin
bigshot-one;Bigshot One;regular;latin
bilbo;Bilbo;regular;latin
bilbo-swash-caps;Bilbo Swash Caps;regular;latin
biorhyme;BioRhyme;regular;latin
biorhyme-expanded;BioRhyme Expanded;regular;latin
biryani;Biryani;regular;latin
bitter;Bitter;regular;latin
black-and-white-picture;Black And White Picture;regular;latin
black-han-sans;Black Han Sans;regular;latin
black-ops-one;Black Ops One;regular;latin
bokor;Bokor;regular;khmer
bonbon;Bonbon;regular;latin
boogaloo;Boogaloo;regular;latin
bowlby-one;Bowlby One;regular;latin
bowlby-one-sc;Bowlby One SC;regular;latin
brawler;Brawler;regular;latin
bree-serif;Bree Serif;regular;latin
bubblegum-sans;Bubblegum Sans;regular;latin
bubbler-one;Bubbler One;regular;latin
buenard;Buenard;regular;latin
bungee;Bungee;regular;latin
bungee-hairline;Bungee Hairline;regular;latin
bungee-inline;Bungee Inline;regular;latin
bungee-outline;Bungee Outline;regular;latin
bungee-shade;Bungee Shade;regular;latin
butcherman;Butcherman;regular;latin
butterfly-kids;Butterfly Kids;regular;latin
cabin;Cabin;regular;latin
cabin-condensed;Cabin Condensed;regular;latin
cabin-sketch;Cabin Sketch;regular;latin
caesar-dressing;Caesar Dressing;regular;latin
cagliostro;Cagliostro;regular;latin
cairo;Cairo;regular;latin
calligraffitti;Calligraffitti;regular;latin
cambay;Cambay;regular;latin
cambo;Cambo;regular;latin
candal;Candal;regular;latin
cantarell;Cantarell;regular;latin
cantata-one;Cantata One;regular;latin
cantora-one;Cantora One;regular;latin
capriola;Capriola;regular;latin
cardo;Cardo;regular;latin
carme;Carme;regular;latin
carrois-gothic;Carrois Gothic;regular;latin
carrois-gothic-sc;Carrois Gothic SC;regular;latin
carter-one;Carter One;regular;latin
catamaran;Catamaran;regular;latin
caudex;Caudex;regular;latin
caveat;Caveat;regular;latin
caveat-brush;Caveat Brush;regular;latin
cedarville-cursive;Cedarville Cursive;regular;latin
ceviche-one;Ceviche One;regular;latin
chakra-petch;Chakra Petch;regular;latin
changa;Changa;regular;latin
changa-one;Changa One;regular;latin
chango;Chango;regular;latin
charmonman;Charmonman;regular;latin
chathura;Chathura;regular;latin
chau-philomene-one;Chau Philomene One;regular;latin
chela-one;Chela One;regular;latin
chelsea-market;Chelsea Market;regular;latin
chenla;Chenla;regular;khmer
cherry-cream-soda;Cherry Cream Soda;regular;latin
cherry-swash;Cherry Swash;regular;latin
chewy;Chewy;regular;latin
chicle;Chicle;regular;latin
chivo;Chivo;regular;latin
chonburi;Chonburi;regular;latin
cinzel;Cinzel;regular;latin
cinzel-decorative;Cinzel Decorative;regular;latin
clicker-script;Clicker Script;regular;latin
coda;Coda;regular;latin
codystar;Codystar;regular;latin
coiny;Coiny;regular;latin
combo;Combo;regular;latin
comfortaa;Comfortaa;regular;latin
coming-soon;Coming Soon;regular;latin
concert-one;Concert One;regular;latin
condiment;Condiment;regular;latin
content;Content;regular;khmer
contrail-one;Contrail One;regular;latin
convergence;Convergence;regular;latin
cookie;Cookie;regular;latin
copse;Copse;regular;latin
corben;Corben;regular;latin
cormorant;Cormorant;regular;latin
cormorant-garamond;Cormorant Garamond;regular;latin
cormorant-infant;Cormorant Infant;regular;latin
cormorant-sc;Cormorant SC;regular;latin
cormorant-unicase;Cormorant Unicase;regular;latin
cormorant-upright;Cormorant Upright;regular;latin
courgette;Courgette;regular;latin
cousine;Cousine;regular;latin
coustard;Coustard;regular;latin
covered-by-your-grace;Covered By Your Grace;regular;latin
crafty-girls;Crafty Girls;regular;latin
creepster;Creepster;regular;latin
crete-round;Crete Round;regular;latin
crimson-text;Crimson Text;regular;latin
croissant-one;Croissant One;regular;latin
crushed;Crushed;regular;latin
cuprum;Cuprum;regular;latin
cute-font;Cute Font;regular;latin
cutive;Cutive;regular;latin
cutive-mono;Cutive Mono;regular;latin
damion;Damion;regular;latin
dancing-script;Dancing Script;regular;latin
dangrek;Dangrek;regular;khmer
david-libre;David Libre;regular;latin
dawning-of-a-new-day;Dawning of a New Day;regular;latin
days-one;Days One;regular;latin
dekko;Dekko;regular;latin
delius;Delius;regular;latin
delius-swash-caps;Delius Swash Caps;regular;latin
delius-unicase;Delius Unicase;regular;latin
della-respira;Della Respira;regular;latin
denk-one;Denk One;regular;latin
devonshire;Devonshire;regular;latin
dhurjati;Dhurjati;regular;latin
didact-gothic;Didact Gothic;regular;latin
diplomata;Diplomata;regular;latin
diplomata-sc;Diplomata SC;regular;latin
do-hyeon;Do Hyeon;regular;latin
dokdo;Dokdo;regular;latin
domine;Domine;regular;latin
donegal-one;Donegal One;regular;latin
doppio-one;Doppio One;regular;latin
dorsa;Dorsa;regular;latin
dosis;Dosis;regular;latin
dr-sugiyama;Dr Sugiyama;regular;latin
duru-sans;Duru Sans;regular;latin
dynalight;Dynalight;regular;latin
eagle-lake;Eagle Lake;regular;latin
east-sea-dokdo;East Sea Dokdo;regular;latin
eater;Eater;regular;latin
eb-garamond;EB Garamond;regular;latin
economica;Economica;regular;latin
eczar;Eczar;regular;latin
el-messiri;El Messiri;regular;latin
electrolize;Electrolize;regular;latin
elsie;Elsie;regular;latin
elsie-swash-caps;Elsie Swash Caps;regular;latin
emblema-one;Emblema One;regular;latin
emilys-candy;Emilys Candy;regular;latin
encode-sans;Encode Sans;regular;latin
encode-sans-condensed;Encode Sans Condensed;regular;latin
encode-sans-expanded;Encode Sans Expanded;regular;latin
encode-sans-semi-condensed;Encode Sans Semi Condensed;regular;latin
encode-sans-semi-expanded;Encode Sans Semi Expanded;regular;latin
engagement;Engagement;regular;latin
englebert;Englebert;regular;latin
enriqueta;Enriqueta;regular;latin
erica-one;Erica One;regular;latin
esteban;Esteban;regular;latin
euphoria-script;Euphoria Script;regular;latin
ewert;Ewert;regular;latin
exo;Exo;regular;latin
exo-2;Exo 2;regular;latin
expletus-sans;Expletus Sans;regular;latin
fahkwang;Fahkwang;regular;latin
fanwood-text;Fanwood Text;regular;latin
farsan;Farsan;regular;latin
fascinate;Fascinate;regular;latin
fascinate-inline;Fascinate Inline;regular;latin
faster-one;Faster One;regular;latin
fasthand;Fasthand;regular;khmer
fauna-one;Fauna One;regular;latin
faustina;Faustina;regular;latin
federant;Federant;regular;latin
federo;Federo;regular;latin
felipa;Felipa;regular;latin
fenix;Fenix;regular;latin
finger-paint;Finger Paint;regular;latin
fira-mono;Fira Mono;regular;latin
fira-sans;Fira Sans;regular;latin
fira-sans-condensed;Fira Sans Condensed;regular;latin
fira-sans-extra-condensed;Fira Sans Extra Condensed;regular;latin
fjalla-one;Fjalla One;regular;latin
fjord-one;Fjord One;regular;latin
flamenco;Flamenco;regular;latin
flavors;Flavors;regular;latin
fondamento;Fondamento;regular;latin
fontdiner-swanky;Fontdiner Swanky;regular;latin
forum;Forum;regular;latin
francois-one;Francois One;regular;latin
frank-ruhl-libre;Frank Ruhl Libre;regular;latin
freckle-face;Freckle Face;regular;latin
fredericka-the-great;Fredericka the Great;regular;latin
fredoka-one;Fredoka One;regular;latin
freehand;Freehand;regular;khmer
fresca;Fresca;regular;latin
frijole;Frijole;regular;latin
fruktur;Fruktur;regular;latin
fugaz-one;Fugaz One;regular;latin
gabriela;Gabriela;regular;latin
gaegu;Gaegu;regular;latin
gafata;Gafata;regular;latin
galada;Galada;regular;latin
galdeano;Galdeano;regular;latin
galindo;Galindo;regular;latin
gamja-flower;Gamja Flower;regular;latin
gentium-basic;Gentium Basic;regular;latin
gentium-book-basic;Gentium Book Basic;regular;latin
geo;Geo;regular;latin
geostar;Geostar;regular;latin
geostar-fill;Geostar Fill;regular;latin
germania-one;Germania One;regular;latin
gfs-didot;GFS Didot;regular;greek
gfs-neohellenic;GFS Neohellenic;regular;greek
gidugu;Gidugu;regular;latin
gilda-display;Gilda Display;regular;latin
give-you-glory;Give You Glory;regular;latin
glass-antiqua;Glass Antiqua;regular;latin
glegoo;Glegoo;regular;latin
gloria-hallelujah;Gloria Hallelujah;regular;latin
goblin-one;Goblin One;regular;latin
gochi-hand;Gochi Hand;regular;latin
gorditas;Gorditas;regular;latin
gothic-a4;Gothic A4;regular;latin
goudy-bookletter-1911;Goudy Bookletter 1911;regular;latin
graduate;Graduate;regular;latin
grand-hotel;Grand Hotel;regular;latin
gravitas-one;Gravitas One;regular;latin
great-vibes;Great Vibes;regular;latin
griffy;Griffy;regular;latin
gruppo;Gruppo;regular;latin
gudea;Gudea;regular;latin
gugi;Gugi;regular;latin
gurajada;Gurajada;regular;latin
habibi;Habibi;regular;latin
halant;Halant;regular;latin-ext_latin_devanagari
halant;Halant;regular;latin
hammersmith-one;Hammersmith One;regular;latin
hanalei;Hanalei;regular;latin
hanalei-fill;Hanalei Fill;regular;latin
handlee;Handlee;regular;latin
hanuman;Hanuman;regular;khmer
happy-monkey;Happy Monkey;regular;latin
harmattan;Harmattan;regular;latin
headland-one;Headland One;regular;latin
heebo;Heebo;regular;latin
henny-penny;Henny Penny;regular;latin
herr-von-muellerhoff;Herr Von Muellerhoff;regular;latin
hi-melody;Hi Melody;regular;latin
hi-melody;Hi Melody;regular;latin_korean
hind;Hind;regular;latin-ext_latin_devanagari
hind-guntur;Hind Guntur;regular;latin-ext_telugu_latin
hind-madurai;Hind Madurai;regular;latin-ext_tamil_latin
hind-siliguri;Hind Siliguri;regular;latin_bengali
hind-vadodara;Hind Vadodara;regular;latin-ext_latin_gujarati
hind;Hind;regular;latin
hind-guntur;Hind Guntur;regular;latin
hind-madurai;Hind Madurai;regular;latin
hind-siliguri;Hind Siliguri;regular;latin
hind-vadodara;Hind Vadodara;regular;latin
holtwood-one-sc;Holtwood One SC;regular;latin
homemade-apple;Homemade Apple;regular;latin
homenaje;Homenaje;regular;latin
ibm-plex-mono;IBM Plex Mono;regular;latin
ibm-plex-sans;IBM Plex Sans;regular;latin
ibm-plex-sans-condensed;IBM Plex Sans Condensed;regular;latin
ibm-plex-serif;IBM Plex Serif;regular;latin
iceberg;Iceberg;regular;latin
iceland;Iceland;regular;latin
im-fell-double-pica;IM Fell Double Pica;regular;latin
im-fell-double-pica-sc;IM Fell Double Pica SC;regular;latin
im-fell-dw-pica;IM Fell DW Pica;regular;latin
im-fell-dw-pica-sc;IM Fell DW Pica SC;regular;latin
im-fell-english;IM Fell English;regular;latin
im-fell-english-sc;IM Fell English SC;regular;latin
im-fell-french-canon;IM Fell French Canon;regular;latin
im-fell-french-canon-sc;IM Fell French Canon SC;regular;latin
im-fell-great-primer;IM Fell Great Primer;regular;latin
im-fell-great-primer-sc;IM Fell Great Primer SC;regular;latin
imprima;Imprima;regular;latin
inconsolata;Inconsolata;regular;latin
inder;Inder;regular;latin
indie-flower;Indie Flower;regular;latin
inika;Inika;regular;latin
inknut-antiqua;Inknut Antiqua;regular;latin
irish-grover;Irish Grover;regular;latin
istok-web;Istok Web;regular;latin
italiana;Italiana;regular;latin
italianno;Italianno;regular;latin
itim;Itim;regular;latin
itim;Itim;regular;thai
itim;Itim;regular;thai_latin
itim;Itim;regular;thai_latin-ext_latin_vietnamese
itim;Itim;regular;latin
jacques-francois;Jacques Francois;regular;latin
jacques-francois-shadow;Jacques Francois Shadow;regular;latin
jaldi;Jaldi;regular;latin
jim-nightshade;Jim Nightshade;regular;latin
jockey-one;Jockey One;regular;latin
jolly-lodger;Jolly Lodger;regular;latin
jomhuria;Jomhuria;regular;latin
josefin-sans;Josefin Sans;regular;latin
josefin-slab;Josefin Slab;regular;latin
joti-one;Joti One;regular;latin
jua;Jua;regular;latin
judson;Judson;regular;latin
julee;Julee;regular;latin
julius-sans-one;Julius Sans One;regular;latin
junge;Junge;regular;latin
jura;Jura;regular;latin
just-another-hand;Just Another Hand;regular;latin
just-me-again-down-here;Just Me Again Down Here;regular;latin
k2d;K2D;regular;latin
kadwa;Kadwa;regular;latin
kalam;Kalam;regular;latin
kameron;Kameron;regular;latin
kanit;Kanit;regular;latin
kanit;Kanit;regular;thai
kanit;Kanit;regular;thai_latin
kanit;Kanit;regular;thai_latin-ext_latin_vietnamese
kantumruy;Kantumruy;regular;khmer
karla;Karla;regular;latin
karma;Karma;regular;latin
katibeh;Katibeh;regular;latin
kaushan-script;Kaushan Script;regular;latin
kavivanar;Kavivanar;regular;latin
kavoon;Kavoon;regular;latin
kdam-thmor;Kdam Thmor;regular;khmer
keania-one;Keania One;regular;latin
kelly-slab;Kelly Slab;regular;latin
kenia;Kenia;regular;latin
khand;Khand;regular;latin
khmer;Khmer;regular;khmer
khula;Khula;regular;latin
kirang-haerang;Kirang Haerang;regular;latin
kite-one;Kite One;regular;latin
knewave;Knewave;regular;latin
kodchasan;Kodchasan;regular;latin
koho;KoHo;regular;latin
kosugi;Kosugi;regular;latin
kosugi-maru;Kosugi Maru;regular;latin
kotta-one;Kotta One;regular;latin
koulen;Koulen;regular;khmer
kranky;Kranky;regular;latin
kreon;Kreon;regular;latin
kristi;Kristi;regular;latin
krona-one;Krona One;regular;latin
krub;Krub;regular;latin
kumar-one;Kumar One;regular;latin
kumar-one-outline;Kumar One Outline;regular;latin
kurale;Kurale;regular;latin
la-belle-aurore;La Belle Aurore;regular;latin
laila;Laila;regular;latin
lakki-reddy;Lakki Reddy;regular;latin
lalezar;Lalezar;regular;latin
lancelot;Lancelot;regular;latin
lateef;Lateef;regular;latin
lato;Lato;regular;latin
league-script;League Script;regular;latin
leckerli-one;Leckerli One;regular;latin
ledger;Ledger;regular;latin
lekton;Lekton;regular;latin
lemon;Lemon;regular;latin
lemonada;Lemonada;regular;latin
libre-barcode-128;Libre Barcode 128;regular;latin
libre-barcode-128-text;Libre Barcode 128 Text;regular;latin
libre-barcode-39;Libre Barcode 39;regular;latin
libre-barcode-39-extended;Libre Barcode 39 Extended;regular;latin
libre-barcode-39-extended-text;Libre Barcode 39 Extended Text;regular;latin
libre-barcode-39-text;Libre Barcode 39 Text;regular;latin
libre-baskerville;Libre Baskerville;regular;latin
libre-franklin;Libre Franklin;regular;latin
life-savers;Life Savers;regular;latin
lilita-one;Lilita One;regular;latin
lily-script-one;Lily Script One;regular;latin
limelight;Limelight;regular;latin
linden-hill;Linden Hill;regular;latin
lobster;Lobster;regular;latin
lobster-two;Lobster Two;regular;latin
londrina-outline;Londrina Outline;regular;latin
londrina-shadow;Londrina Shadow;regular;latin
londrina-sketch;Londrina Sketch;regular;latin
londrina-solid;Londrina Solid;regular;latin
lora;Lora;regular;latin
love-ya-like-a-sister;Love Ya Like A Sister;regular;latin
loved-by-the-king;Loved by the King;regular;latin
lovers-quarrel;Lovers Quarrel;regular;latin
luckiest-guy;Luckiest Guy;regular;latin
lusitana;Lusitana;regular;latin
lustria;Lustria;regular;latin
m-plus-1p;M PLUS 1p;regular;latin
m-plus-rounded-1c;M PLUS Rounded 1c;regular;latin
macondo;Macondo;regular;latin
macondo-swash-caps;Macondo Swash Caps;regular;latin
mada;Mada;regular;latin
magra;Magra;regular;latin
maiden-orange;Maiden Orange;regular;latin
maitree;Maitree;regular;latin
mako;Mako;regular;latin
mali;Mali;regular;latin
mallanna;Mallanna;regular;latin
mandali;Mandali;regular;latin
manuale;Manuale;regular;latin
marcellus;Marcellus;regular;latin
marcellus-sc;Marcellus SC;regular;latin
marck-script;Marck Script;regular;latin
margarine;Margarine;regular;latin
markazi-text;Markazi Text;regular;latin
marko-one;Marko One;regular;latin
marmelad;Marmelad;regular;latin
martel;Martel;regular;latin
martel-sans;Martel Sans;regular;latin
marvel;Marvel;regular;latin
mate;Mate;regular;latin
mate-sc;Mate SC;regular;latin
maven-pro;Maven Pro;regular;latin
mclaren;McLaren;regular;latin
meddon;Meddon;regular;latin
medievalsharp;MedievalSharp;regular;latin
medula-one;Medula One;regular;latin
meera-inimai;Meera Inimai;regular;latin
megrim;Megrim;regular;latin
meie-script;Meie Script;regular;latin
merienda;Merienda;regular;latin
merienda-one;Merienda One;regular;latin
merriweather;Merriweather;regular;latin
merriweather-sans;Merriweather Sans;regular;latin
metal;Metal;regular;khmer
metal-mania;Metal Mania;regular;latin
metamorphous;Metamorphous;regular;latin
metrophobic;Metrophobic;regular;latin
michroma;Michroma;regular;latin
milonga;Milonga;regular;latin
miltonian;Miltonian;regular;latin
miltonian-tattoo;Miltonian Tattoo;regular;latin
mina;Mina;regular;latin
miniver;Miniver;regular;latin
miriam-libre;Miriam Libre;regular;latin
mirza;Mirza;regular;latin
miss-fajardose;Miss Fajardose;regular;latin
mitr;Mitr;regular;latin
modak;Modak;regular;latin
modern-antiqua;Modern Antiqua;regular;latin
mogra;Mogra;regular;latin
molengo;Molengo;regular;latin
monda;Monda;regular;latin
monofett;Monofett;regular;latin
monoton;Monoton;regular;latin
monsieur-la-doulaise;Monsieur La Doulaise;regular;latin
montaga;Montaga;regular;latin
montez;Montez;regular;latin
montserrat;Montserrat;regular;latin
montserrat-alternates;Montserrat Alternates;regular;latin
montserrat-subrayada;Montserrat Subrayada;regular;latin
moul;Moul;regular;khmer
moulpali;Moulpali;regular;khmer
mountains-of-christmas;Mountains of Christmas;regular;latin
mouse-memoirs;Mouse Memoirs;regular;latin
mr-bedfort;Mr Bedfort;regular;latin
mr-dafoe;Mr Dafoe;regular;latin
mr-de-haviland;Mr De Haviland;regular;latin
mrs-saint-delafield;Mrs Saint Delafield;regular;latin
mrs-sheppards;Mrs Sheppards;regular;latin
mukta;Mukta;regular;latin-ext_latin_devanagari
mukta-mahee;Mukta Mahee;regular;gurmukhi_latin-ext_latin
mukta-malar;Mukta Malar;regular;latin-ext_tamil_latin
mukta-vaani;Mukta Vaani;regular;latin-ext_latin_gujarati
mukta;Mukta;regular;latin
mukta-mahee;Mukta Mahee;regular;latin
mukta-malar;Mukta Malar;regular;latin
mukta-vaani;Mukta Vaani;regular;latin
muli;Muli;regular;latin
mystery-quest;Mystery Quest;regular;latin
nanum-brush-script;Nanum Brush Script;regular;latin_korean
nanum-brush-script;Nanum Brush Script;regular;latin
nanum-gothic;Nanum Gothic;regular;latin_korean
nanum-gothic;Nanum Gothic;regular;latin
nanum-gothic-coding;Nanum Gothic Coding;regular;latin
nanum-myeongjo;Nanum Myeongjo;regular;latin
nanum-pen-script;Nanum Pen Script;regular;latin
neucha;Neucha;regular;latin
neuton;Neuton;regular;latin
new-rocker;New Rocker;regular;latin
news-cycle;News Cycle;regular;latin
niconne;Niconne;regular;latin
niramit;Niramit;regular;latin
nixie-one;Nixie One;regular;latin
nobile;Nobile;regular;latin
nokora;Nokora;regular;khmer
norican;Norican;regular;latin
nosifer;Nosifer;regular;latin
notable;Notable;regular;latin
nothing-you-could-do;Nothing You Could Do;regular;latin
noticia-text;Noticia Text;regular;latin
noto-sans;Noto Sans;regular;cyrillic-ext_cyrillic
noto-sans;Noto Sans;regular;devanagari
noto-sans;Noto Sans;regular;greek_greek-ext
noto-sans;Noto Sans;regular;latin
noto-sans;Noto Sans;regular;latin_latin-ext_vietnamese
noto-sans-jp;Noto Sans JP;regular;japanese_latin
noto-sans-kr;Noto Sans KR;regular;latin_korean
noto-serif;Noto Serif;regular;latin
noto-serif-jp;Noto Serif JP;regular;japanese_latin
noto-serif-kr;Noto Serif KR;regular;latin_korean
nova-cut;Nova Cut;regular;latin
nova-flat;Nova Flat;regular;latin
nova-mono;Nova Mono;regular;latin
nova-oval;Nova Oval;regular;latin
nova-round;Nova Round;regular;latin
nova-script;Nova Script;regular;latin
nova-slim;Nova Slim;regular;latin
nova-square;Nova Square;regular;latin
ntr;NTR;regular;latin
numans;Numans;regular;latin
nunito;Nunito;regular;latin
nunito-sans;Nunito Sans;regular;latin
odor-mean-chey;Odor Mean Chey;regular;khmer
offside;Offside;regular;latin
old-standard-tt;Old Standard TT;regular;latin
oldenburg;Oldenburg;regular;latin
oleo-script;Oleo Script;regular;latin
oleo-script-swash-caps;Oleo Script Swash Caps;regular;latin
open-sans;Open Sans;regular;latin
open-sans;Open Sans;regular;greek-ext
open-sans;Open Sans;regular;cyrillic-ext
open-sans;Open Sans;regular;latin-ext
open-sans;Open Sans;regular;vietamese
oranienbaum;Oranienbaum;regular;latin
orbitron;Orbitron;regular;latin
oregano;Oregano;regular;latin
orienta;Orienta;regular;latin
original-surfer;Original Surfer;regular;latin
oswald;Oswald;regular;latin
over-the-rainbow;Over the Rainbow;regular;latin
overlock;Overlock;regular;latin
overlock-sc;Overlock SC;regular;latin
overpass;Overpass;regular;latin
overpass-mono;Overpass Mono;regular;latin
ovo;Ovo;regular;latin
oxygen;Oxygen;regular;latin
oxygen-mono;Oxygen Mono;regular;latin
pacifico;Pacifico;regular;latin
padauk;Padauk;regular;latin_myanmar
padauk;Padauk;regular;latin
palanquin;Palanquin;regular;latin
palanquin-dark;Palanquin Dark;regular;latin
pangolin;Pangolin;regular;latin
paprika;Paprika;regular;latin
parisienne;Parisienne;regular;latin
passero-one;Passero One;regular;latin
passion-one;Passion One;regular;latin
pathway-gothic-one;Pathway Gothic One;regular;latin
patrick-hand;Patrick Hand;regular;latin
patrick-hand-sc;Patrick Hand SC;regular;latin
pattaya;Pattaya;regular;latin
patua-one;Patua One;regular;latin
pavanam;Pavanam;regular;latin
paytone-one;Paytone One;regular;latin
peddana;Peddana;regular;latin
peralta;Peralta;regular;latin
permanent-marker;Permanent Marker;regular;latin
petit-formal-script;Petit Formal Script;regular;latin
petrona;Petrona;regular;latin
philosopher;Philosopher;regular;latin
piedra;Piedra;regular;latin
pinyon-script;Pinyon Script;regular;latin
pirata-one;Pirata One;regular;latin
plaster;Plaster;regular;latin
play;Play;regular;latin
playball;Playball;regular;latin
playfair-display;Playfair Display;regular;latin
playfair-display-sc;Playfair Display SC;regular;latin
podkova;Podkova;regular;latin
poiret-one;Poiret One;regular;latin
poller-one;Poller One;regular;latin
poly;Poly;regular;latin
pompiere;Pompiere;regular;latin
pontano-sans;Pontano Sans;regular;latin
poor-story;Poor Story;regular;latin
poppins;Poppins;regular;latin
port-lligat-sans;Port Lligat Sans;regular;latin
port-lligat-slab;Port Lligat Slab;regular;latin
pragati-narrow;Pragati Narrow;regular;latin
prata;Prata;regular;latin
preahvihear;Preahvihear;regular;khmer
press-start-2p;Press Start 2P;regular;latin
pridi;Pridi;regular;latin
princess-sofia;Princess Sofia;regular;latin
prociono;Prociono;regular;latin
prompt;Prompt;regular;latin
prosto-one;Prosto One;regular;latin
proza-libre;Proza Libre;regular;latin
pt-mono;PT Mono;regular;latin
pt-sans;PT Sans;regular;latin
pt-sans-caption;PT Sans Caption;regular;latin
pt-sans-narrow;PT Sans Narrow;regular;latin
pt-serif;PT Serif;regular;latin
pt-serif-caption;PT Serif Caption;regular;latin
puritan;Puritan;regular;latin
purple-purse;Purple Purse;regular;latin
quando;Quando;regular;latin
quantico;Quantico;regular;latin
quattrocento;Quattrocento;regular;latin
quattrocento-sans;Quattrocento Sans;regular;latin
questrial;Questrial;regular;latin
quicksand;Quicksand;regular;latin
quintessential;Quintessential;regular;latin
qwigley;Qwigley;regular;latin
racing-sans-one;Racing Sans One;regular;latin
radley;Radley;regular;latin
rajdhani;Rajdhani;regular;latin
rakkas;Rakkas;regular;latin
raleway;Raleway;regular;latin
raleway-dots;Raleway Dots;regular;latin
ramabhadra;Ramabhadra;regular;latin
ramaraja;Ramaraja;regular;latin
rambla;Rambla;regular;latin
rammetto-one;Rammetto One;regular;latin
ranchers;Ranchers;regular;latin
rancho;Rancho;regular;latin
ranga;Ranga;regular;latin
rasa;Rasa;regular;latin
rationale;Rationale;regular;latin
ravi-prakash;Ravi Prakash;regular;latin
redressed;Redressed;regular;latin
reem-kufi;Reem Kufi;regular;latin
reenie-beanie;Reenie Beanie;regular;latin
revalia;Revalia;regular;latin
rhodium-libre;Rhodium Libre;regular;latin
ribeye;Ribeye;regular;latin
ribeye-marrow;Ribeye Marrow;regular;latin
righteous;Righteous;regular;latin
risque;Risque;regular;latin
roboto;Roboto;regular;latin
roboto;Roboto;regular;vietnamese
roboto;Roboto;regular;cyrillic-ext_cyrillic
roboto;Roboto;regular;latin-ext
roboto;Roboto;regular;greek_greek-ext
roboto-condensed;Roboto Condensed;regular;latin
roboto-mono;Roboto Mono;regular;latin
roboto-slab;Roboto Slab;regular;latin
rochester;Rochester;regular;latin
rock-salt;Rock Salt;regular;latin
rokkitt;Rokkitt;regular;latin
romanesco;Romanesco;regular;latin
ropa-sans;Ropa Sans;regular;latin
rosario;Rosario;regular;latin
rosarivo;Rosarivo;regular;latin
rouge-script;Rouge Script;regular;latin
rozha-one;Rozha One;regular;latin
rubik;Rubik;regular;latin
rubik-mono-one;Rubik Mono One;regular;latin
ruda;Ruda;regular;latin
rufina;Rufina;regular;latin
ruge-boogie;Ruge Boogie;regular;latin
ruluko;Ruluko;regular;latin
rum-raisin;Rum Raisin;regular;latin
ruslan-display;Ruslan Display;regular;latin
russo-one;Russo One;regular;latin
ruthie;Ruthie;regular;latin
rye;Rye;regular;latin
sacramento;Sacramento;regular;latin
sahitya;Sahitya;regular;latin
sail;Sail;regular;latin
saira;Saira;regular;latin
saira-condensed;Saira Condensed;regular;latin
saira-extra-condensed;Saira Extra Condensed;regular;latin
saira-semi-condensed;Saira Semi Condensed;regular;latin
salsa;Salsa;regular;latin
sanchez;Sanchez;regular;latin
sancreek;Sancreek;regular;latin
sansita;Sansita;regular;latin
sarala;Sarala;regular;latin
sarina;Sarina;regular;latin
sarpanch;Sarpanch;regular;latin
satisfy;Satisfy;regular;latin
sawarabi-gothic;Sawarabi Gothic;regular;latin
sawarabi-mincho;Sawarabi Mincho;regular;latin
scada;Scada;regular;latin
scheherazade;Scheherazade;regular;latin
schoolbell;Schoolbell;regular;latin
scope-one;Scope One;regular;latin
seaweed-script;Seaweed Script;regular;latin
secular-one;Secular One;regular;latin
sedgwick-ave;Sedgwick Ave;regular;latin
sedgwick-ave-display;Sedgwick Ave Display;regular;latin
sevillana;Sevillana;regular;latin
seymour-one;Seymour One;regular;latin
shadows-into-light;Shadows Into Light;regular;latin
shadows-into-light-two;Shadows Into Light Two;regular;latin
shanti;Shanti;regular;latin
share;Share;regular;latin
share-tech;Share Tech;regular;latin
share-tech-mono;Share Tech Mono;regular;latin
shojumaru;Shojumaru;regular;latin
short-stack;Short Stack;regular;latin
shrikhand;Shrikhand;regular;latin
siemreap;Siemreap;regular;khmer
sigmar-one;Sigmar One;regular;latin
signika;Signika;regular;latin
signika-negative;Signika Negative;regular;latin
simonetta;Simonetta;regular;latin
sintony;Sintony;regular;latin
sirin-stencil;Sirin Stencil;regular;latin
six-caps;Six Caps;regular;latin
skranji;Skranji;regular;latin
slabo-13px;Slabo 13px;regular;latin
slabo-27px;Slabo 27px;regular;latin
slackey;Slackey;regular;latin
smokum;Smokum;regular;latin
smythe;Smythe;regular;latin
sniglet;Sniglet;regular;latin
snippet;Snippet;regular;latin
snowburst-one;Snowburst One;regular;latin
sofadi-one;Sofadi One;regular;latin
sofia;Sofia;regular;latin
song-myung;Song Myung;regular;latin
sonsie-one;Sonsie One;regular;latin
sorts-mill-goudy;Sorts Mill Goudy;regular;latin
source-code-pro;Source Code Pro;regular;latin
source-sans-pro;Source Sans Pro;regular;latin
source-serif-pro;Source Serif Pro;regular;latin
space-mono;Space Mono;regular;latin
special-elite;Special Elite;regular;latin
spectral;Spectral;regular;latin
spectral-sc;Spectral SC;regular;latin
spicy-rice;Spicy Rice;regular;latin
spinnaker;Spinnaker;regular;latin
spirax;Spirax;regular;latin
squada-one;Squada One;regular;latin
sree-krushnadevaraya;Sree Krushnadevaraya;regular;latin
sriracha;Sriracha;regular;latin
srisakdi;Srisakdi;regular;latin
stalemate;Stalemate;regular;latin
stalinist-one;Stalinist One;regular;latin
stardos-stencil;Stardos Stencil;regular;latin
stint-ultra-condensed;Stint Ultra Condensed;regular;latin
stint-ultra-expanded;Stint Ultra Expanded;regular;latin
stoke;Stoke;regular;latin
strait;Strait;regular;latin
stylish;Stylish;regular;latin
sue-ellen-francisco;Sue Ellen Francisco;regular;latin
suez-one;Suez One;regular;latin
sumana;Sumana;regular;latin
sunshiney;Sunshiney;regular;latin
supermercado-one;Supermercado One;regular;latin
sura;Sura;regular;latin
suranna;Suranna;regular;latin
suravaram;Suravaram;regular;latin
suwannaphum;Suwannaphum;regular;khmer
swanky-and-moo-moo;Swanky and Moo Moo;regular;latin
syncopate;Syncopate;regular;latin
tajawal;Tajawal;regular;arabic_latin
tajawal;Tajawal;regular;latin
tangerine;Tangerine;regular;latin
taprom;Taprom;regular;khmer
tauri;Tauri;regular;latin
teko;Teko;regular;latin
telex;Telex;regular;latin
tenali-ramakrishna;Tenali Ramakrishna;regular;latin
tenor-sans;Tenor Sans;regular;latin
text-me-one;Text Me One;regular;latin
the-girl-next-door;The Girl Next Door;regular;latin
tienne;Tienne;regular;latin
tillana;Tillana;regular;latin
timmana;Timmana;regular;latin
tinos;Tinos;regular;latin_hebrew_cyrillic_vietnamese
tinos;Tinos;regular;latin_hebrew
tinos;Tinos;regular;latin
titan-one;Titan One;regular;latin
titillium-web;Titillium Web;regular;latin
trade-winds;Trade Winds;regular;latin
trirong;Trirong;regular;latin
trocchi;Trocchi;regular;latin
trochut;Trochut;regular;latin
trykker;Trykker;regular;latin
tulpen-one;Tulpen One;regular;latin
ubuntu;Ubuntu;regular;latin
ubuntu-condensed;Ubuntu Condensed;regular;latin
ubuntu-mono;Ubuntu Mono;regular;latin
ultra;Ultra;regular;latin
uncial-antiqua;Uncial Antiqua;regular;latin
underdog;Underdog;regular;latin
unica-one;Unica One;regular;latin
unifrakturmaguntia;UnifrakturMaguntia;regular;latin
unkempt;Unkempt;regular;latin
unlock;Unlock;regular;latin
unna;Unna;regular;latin
vampiro-one;Vampiro One;regular;latin
varela;Varela;regular;latin
varela-round;Varela Round;regular;latin
vast-shadow;Vast Shadow;regular;latin
vesper-libre;Vesper Libre;regular;latin
vibur;Vibur;regular;latin
vidaloka;Vidaloka;regular;latin
viga;Viga;regular;latin
voces;Voces;regular;latin
volkhov;Volkhov;regular;latin
vollkorn;Vollkorn;regular;latin
vollkorn-sc;Vollkorn SC;regular;latin
voltaire;Voltaire;regular;latin
vt323;VT323;regular;latin
waiting-for-the-sunrise;Waiting for the Sunrise;regular;latin
wallpoet;Wallpoet;regular;latin
walter-turncoat;Walter Turncoat;regular;latin
warnes;Warnes;regular;latin
wellfleet;Wellfleet;regular;latin
wendy-one;Wendy One;regular;latin
wire-one;Wire One;regular;latin
work-sans;Work Sans;regular;latin
yanone-kaffeesatz;Yanone Kaffeesatz;regular;latin
yantramanav;Yantramanav;regular;latin
yatra-one;Yatra One;regular;latin
yellowtail;Yellowtail;regular;latin
yeon-sung;Yeon Sung;regular;latin
yeseva-one;Yeseva One;regular;latin
yesteryear;Yesteryear;regular;latin
yrsa;Yrsa;regular;latin
zeyada;Zeyada;regular;latin
zilla-slab;Zilla Slab;regular;latin
zilla-slab-highlight;Zilla Slab Highlight;regular;latin
cooper-hewitt;Cooper Hewitt;regular;latin
cooper-hewitt;Cooper Hewitt;700;latin
cooper-hewitt;Cooper Hewitt;700italic;latin
cooper-hewitt;Cooper Hewitt;900;latin
cooper-hewitt;Cooper Hewitt;900italic;latin
cooper-hewitt;Cooper Hewitt;300;latin
cooper-hewitt;Cooper Hewitt;300italic;latin
cooper-hewitt;Cooper Hewitt;500;latin
cooper-hewitt;Cooper Hewitt;500italic;latin
cooper-hewitt;Cooper Hewitt;600;latin
cooper-hewitt;Cooper Hewitt;600italic;latin
cooper-hewitt;Cooper Hewitt;100;latin
cooper-hewitt;Cooper Hewitt;100italic;latin
cooper-hewitt;Cooper Hewitt;italic;latin
datalegreya-thin;Datalegreya Thin;regular;latin-vietnamese
datalegreya-dot;Datalegreya Dot;regular;latin-vietnamese
datalegreya-gradient;Datalegreya Gradient;regular;latin-vietnamese
nemoy;Nemoy;700;latin
nemoy;Nemoy;300;latin
nemoy;Nemoy;500;latin
avara;Avara;700;latin
fantasque-sans-mono;Fantasque Sans Mono;regular;latin
fantasque-sans-mono;Fantasque Sans Mono;italic;latin
fantasque-sans-mono;Fantasque Sans Mono;700;latin
fantasque-sans-mono;Fantasque Sans Mono;700italic;latin
beon;Beon;regular;latin
grundschrift;Grundschrift;regular;latin
grundschrift;Grundschrift;700;latin
grundschrift;Grundschrift;300;latin
grundschrift-kontur;Grundschrift Kontur;regular;latin
grundschrift-light;Grundschrift Punkt;regular;latin
waltograph;Waltograph;regular;latin
waltograph;Waltograph;700;latin
